Country,Latitude,Longitude
Japan,135.283,34.7667
Japan,135.317,34.8333
Japan,135.267,34.8667
Japan,134.533,34.6667
Japan,134.533,34.6667
Japan,135.15,34.9333
Japan,134.817,34.2333
Japan,134.7,34.2333
Japan,134.817,34.1667
Japan,139.95,34.9333
Japan,134.65,34.8833
Japan,134.583,34.9
Japan,134.533,34.6667
Japan,135.2,34.75
Japan,134.6,34.95
Japan,134.867,34.3
Japan,134.85,34.9
Japan,134.733,34.7667
Japan,134.917,34.25
Japan,134.483,34.9667
Japan,134.567,34.8
Japan,135.317,34.8167
Japan,134.7,34.9
Japan,134.733,34.2667
Japan,135.2,34.8667
Japan,134.733,34.7667
Japan,134.7,34.2333
Japan,135.317,34.8167
Japan,135.25,34.75
Japan,135.25,34.7333
Japan,135.317,34.85
Japan,135.317,34.8167
Japan,135.3,34.85
Japan,134.9,34.8333
Japan,134.8,34.2333
Japan,134.85,35.1833
Japan,135.2,35.0167
Japan,135.217,35.0
Japan,135.135,35.1183
Japan,135.102,35.1192
Japan,134.75,35.05
Japan,134.667,35.0333
Japan,134.501,35.4006
Japan,135.167,35.0167
New Zealand,-43.157127,170.6187
New Zealand,-43.425327,172.62318
New Zealand,-43.659214,172.58455
New Zealand,-43.542297,172.61009
New Zealand,-43.425327,172.62318
New Zealand,-43.496624,172.6858
New Zealand,-43.569675,172.74608
New Zealand,-43.64078,172.47809
New Zealand,-43.48167,172.68346
New Zealand,-43.52425,172.59784
New Zealand,-43.48167,172.68346
New Zealand,-43.839725,172.76984
New Zealand,-42.715565,170.97887
New Zealand,-42.8506,171.55858
New Zealand,-41.628613,171.85405
New Zealand,-41.7608,171.59914
New Zealand,-41.65061,172.91005
New Zealand,-41.655106,172.90044
New Zealand,-41.24712,172.82713
New Zealand,-41.076168,172.99419
New Zealand,-41.24712,172.82713
New Zealand,-41.19828,172.10013
New Zealand,-41.43495,172.10513
New Zealand,-41.25967,172.13078
New Zealand,-41.22864,173.37585
New Zealand,-41.222126,173.43784
New Zealand,-41.10279,173.54659
New Zealand,-41.118027,173.56337
New Zealand,-41.22681,173.38777
New Zealand,-41.212322,173.40915
New Zealand,-41.1823,173.48764
New Zealand,-41.20934,173.48187
New Zealand,-41.205055,173.4258
New Zealand,-41.21685,173.40202
New Zealand,-41.120724,173.56221
New Zealand,-41.146053,173.5398
New Zealand,-41.18977,173.42094
New Zealand,-41.291977,173.26877
New Zealand,-41.027737,173.88608
New Zealand,-41.138844,173.54092
New Zealand,-41.22746,173.45576
New Zealand,-41.19317,173.4734
New Zealand,-41.180492,173.48882
New Zealand,-41.17259,173.78075
New Zealand,-41.192406,173.43883
New Zealand,-41.116344,173.53836
New Zealand,-41.12636,173.51222
New Zealand,-41.10818,173.55019
New Zealand,-41.186466,173.56157
New Zealand,-41.278713,174.77289
New Zealand,-41.246624,174.97488
New Zealand,-41.1247,174.83069
New Zealand,-41.124107,174.8676
New Zealand,-41.240322,174.92102
New Zealand,-41.205276,174.97008
New Zealand,-41.11118,174.88748
New Zealand,-41.122074,174.82587
New Zealand,-41.16977,174.93922
New Zealand,-41.191116,174.84566
New Zealand,-41.192856,174.95897
New Zealand,-41.069214,174.86487
New Zealand,-41.345043,174.90614
New Zealand,-41.176914,174.88818
New Zealand,-41.085266,174.87485
New Zealand,-41.272312,174.947
New Zealand,-41.206196,174.96892
New Zealand,-41.19456,174.8553
New Zealand,-41.111828,174.90298
New Zealand,-41.183235,174.88716
New Zealand,-41.092644,175.12508
New Zealand,-41.181965,175.06714
New Zealand,-41.17075,175.03937
New Zealand,-41.1837,175.07077
New Zealand,-40.598503,172.68706
New Zealand,-40.741814,172.57188
New Zealand,-40.95257,174.9994
New Zealand,-40.501186,175.42496
New Zealand,-40.59364,175.31012
New Zealand,-40.501186,175.42496
New Zealand,-40.34322,175.643
New Zealand,-40.92634,175.00575
New Zealand,-39.222282,174.12514
New Zealand,-39.91659,175.03683
New Zealand,-39.217304,176.88606
AUSTRALIA,-38.08,145.76
New Zealand,-38.012524,177.28735
New Zealand,-38.04038,177.26622
New Zealand,-38.00862,177.38972
AUSTRALIA,-37.85,145.2
AUSTRALIA,-37.6752,145.1869
AUSTRALIA,-37.91,145.36
AUSTRALIA,-37.5,149.68
,-37.103188,149.86824
New Zealand,-37.594437,175.63043
New Zealand,-37.87619,175.90259
New Zealand,-37.88707,175.44803
New Zealand,-37.89786,175.4747
New Zealand,-37.731598,175.85701
New Zealand,-37.34143,175.65489
New Zealand,-37.791176,176.36491
New Zealand,-37.68202,176.12102
New Zealand,-37.999184,177.40054
AUSTRALIA,-36.78,146.4
AUSTRALIA,-36.7,146.4
New Zealand,-36.798317,174.89488
New Zealand,-36.84783,174.82127
New Zealand,-36.92636,174.7861
New Zealand,-36.798317,174.89488
New Zealand,-36.73153,174.75018
New Zealand,-36.73153,174.75018
New Zealand,-36.901497,174.65079
New Zealand,-37.0,175.0
New Zealand,-36.182426,175.05615
New Zealand,-36.182426,175.05615
AUSTRALIA,-35.0313,117.8797
,-35.03355,138.68391
,-35.03997,138.74805
AUSTRALIA,-35.1077,148.67
AUSTRALIA,-35.7,148.0
AUSTRALIA,-35.35,149.25
AUSTRALIA,-35.26,149.1
AUSTRALIA,-35.3,149.1
AUSTRALIA,-35.35,149.25
AUSTRALIA,-35.2,149.1
AUSTRALIA,-35.28,149.1
,-35.04517,150.67516
,-35.912598,150.0545
,-35.08203,150.6625
,-35.712753,150.17747
,-35.32807,150.43562
,-35.7704,150.2098
,-35.821777,150.17072
,-35.0532,150.58867
,-35.330482,150.44217
,-35.38096,150.458
,-35.204483,150.43825
,-35.338863,150.46773
,-35.779102,150.20732
,-35.77195,150.20634
,-35.051777,150.67186
New Zealand,-35.211967,173.27118
New Zealand,-35.39817,173.79851
Argentina,-34.33,-58.78
Argentina,-34.33,-58.78
Argentina,-34.52,-58.51
,-34.4,116.4
,-34.2,116.0
AUSTRALIA,-34.1,116.0
,-35.0,117.8
,-35.0,118.0
,-34.764286,146.57384
,-34.764286,146.57384
,-34.30821,150.92331
,-34.037804,150.77179
,-34.220882,150.97707
,-34.571682,150.85283
,-34.65874,150.21776
AUSTRALIA,-34.1,150.5
,-34.911957,150.60095
,-34.65839,150.21825
,-34.85174,150.56346
,-34.410667,150.85027
,-34.88692,150.60681
,-34.108955,150.80878
AUSTRALIA,-34.8,150.6
AUSTRALIA,-34.6,150.6
,-34.053158,150.67606
,-34.63778,150.23857
,-34.65971,150.2175
,-34.170185,150.60796
,-34.434822,150.83965
AUSTRALIA,-34.4,150.5
,-34.203552,150.78859
,-34.372326,150.92136
,-34.094196,150.73424
,-34.449688,150.44203
,-34.476486,150.43033
AUSTRALIA,-34.1,150.7
,-34.65939,150.21738
,-34.65052,150.7708
,-34.248028,150.9709
,-34.564796,150.78238
,-34.44626,150.87471
AUSTRALIA,-34.4555,150.53
,-34.458466,150.43088
,-34.57218,150.85411
,-34.19375,150.70744
,-34.273746,150.95749
,-34.049816,150.67804
,-34.18975,150.98753
,-34.695568,150.1598
AUSTRALIA,-34.4,150.5
,-34.696312,150.1581
,-34.6585,150.21797
,-34.094242,150.73761
,-34.451862,150.87474
,-34.071217,150.69794
AUSTRALIA,-34.1,150.5
,-34.040478,150.67737
,-34.85272,150.60031
,-34.37613,150.87296
,-34.374336,150.87512
,-34.3041,150.93037
,-34.890125,150.58517
,-34.016228,150.87738
,-34.659054,150.2176
,-34.458237,150.42
,-34.056374,150.7144
,-34.569805,150.31519
,-34.049442,150.70235
,-34.659634,150.21733
,-34.187428,150.58333
,-34.48805,150.40552
,-34.37291,150.92238
AUSTRALIA,-34.5,150.6
,-34.473816,150.84584
AUSTRALIA,-34.9,150.5
,-34.660233,150.21709
,-34.478745,150.8304
,-34.476433,150.85248
,-34.076725,151.05539
,-34.09317,151.0028
,-34.075745,151.0537
,-34.022243,151.19777
,-34.072464,151.05905
,-34.07616,151.05331
,-34.011818,151.0523
,-34.041862,151.02283
,-34.071205,151.05797
,-34.08373,151.14087
,-34.072475,151.05919
,-34.075554,151.0536
,-34.064117,151.05582
,-34.074074,151.05585
,-34.04042,151.16017
,-34.075546,151.05429
,-34.00414,151.07417
,-34.030186,151.16191
,-34.03676,151.08427
,-34.05751,151.048
,-34.07709,151.05508
,-34.076885,151.10184
,-34.017212,151.2046
,-34.026924,151.20958
,-34.0,115.0
,-33.6,115.8
AUSTRALIA,-33.06,115.88
AUSTRALIA,-33.58,115.81
AUSTRALIA,-33.06,115.9
AUSTRALIA,-33.4,115.75
,-33.4,115.8
,-33.4,116.0
,-33.4,116.2
,-33.8,116.0
,-33.210934,149.66504
,-33.71376,150.38063
AUSTRALIA,-33.7,150.6
,-33.973675,150.99475
,-33.499115,150.13838
AUSTRALIA,-33.7,150.6
,-33.722477,150.29276
,-33.499115,150.13838
,-33.786724,150.80612
,-33.873096,150.81337
,-33.985764,150.90533
,-33.713478,150.37292
,-33.49363,150.51033
,-33.688374,150.88611
,-33.751404,150.86467
,-33.524746,150.6257
,-33.73423,150.91478
,-33.83905,150.94661
,-33.9467,150.93504
,-33.73522,150.79256
,-33.9541,150.86946
,-33.93301,150.86719
,-33.925278,150.89996
,-33.808952,150.91913
,-33.84067,150.64401
,-33.839973,150.65236
,-33.787315,150.80637
,-33.814068,150.90866
,-33.729446,150.98024
,-33.720734,150.58006
,-33.89803,150.86226
,-33.71749,150.56862
,-33.958675,150.88638
,-33.391235,150.98402
,-33.803642,150.90382
AUSTRALIA,-33.9,150.9
,-33.969425,150.89377
,-33.776634,150.826
,-33.69101,150.93147
,-33.974537,150.99576
,-33.79557,150.69882
,-33.584152,150.93765
,-33.871635,150.82909
,-33.73008,150.40962
,-33.89803,150.86226
,-33.619225,150.29982
,-33.721848,150.33635
,-33.933407,150.85887
,-33.728092,150.39955
,-33.303146,150.97006
,-33.84231,150.85738
AUSTRALIA,-33.4,150.7
,-33.721222,150.38046
,-33.779297,150.90749
,-33.702824,150.9531
,-33.727074,150.44064
,-33.701733,150.56961
,-33.935253,150.8665
,-33.947617,150.95212
,-33.623405,150.83643
,-33.696934,150.57784
AUSTRALIA,-33.9,150.9
,-33.7114,150.97015
,-33.575787,150.62593
,-33.769276,150.63518
,-33.713768,150.37926
,-33.912125,150.98703
,-33.71592,150.9819
AUSTRALIA,-33.7,150.6
,-33.891933,150.60791
,-33.72215,150.44225
,-33.932182,150.96198
,-33.91138,150.94746
,-33.696934,150.57784
,-33.749382,150.62805
AUSTRALIA,-33.5,150.4
AUSTRALIA,-33.7,150.6
,-33.740215,150.47679
,-33.57096,150.68541
,-33.38041,150.07523
,-33.719536,150.38133
AUSTRALIA,-33.7,150.6
,-33.582813,150.69733
,-33.96814,150.91238
,-33.756313,150.76659
,-33.785923,150.80424
,-33.779316,150.96024
,-33.775738,150.7312
,-33.701916,150.3803
,-33.80809,150.65381
,-33.498486,150.51338
,-33.663074,150.92712
,-33.712223,150.93614
,-33.58092,150.68628
,-33.527054,150.85262
,-33.691986,150.94525
AUSTRALIA,-34.0,150.8
,-33.718155,150.38087
,-33.74574,150.63042
,-33.959347,150.82144
,-33.72919,150.3894
,-33.905483,150.94144
,-33.58443,150.24301
,-33.567226,150.6785
,-33.49363,150.51033
,-33.700787,150.3738
,-33.305347,151.40356
,-33.929203,151.13792
,-33.651943,151.28316
,-33.275784,151.41081
,-33.387383,151.36574
,-33.844204,151.17072
,-33.765835,151.00612
,-33.773746,151.25052
AUSTRALIA,-33.76,151.03
,-33.438686,151.38525
,-33.81083,151.29565
,-33.400406,151.33853
,-33.275852,151.41618
,-33.464233,151.41049
,-33.096188,151.47298
,-33.24336,151.48653
,-33.7478,151.11609
AUSTRALIA,-33.1866,151.4919
,-33.635258,151.31583
,-33.68781,151.26842
,-33.79926,151.09067
,-33.68345,151.21674
,-33.255768,151.47661
,-33.258133,151.3291
,-33.348663,151.30257
,-33.774174,151.25395
,-33.87921,151.04294
,-33.759365,151.23471
,-33.629997,151.03
,-33.33504,151.43234
,-33.75009,151.03185
,-33.76995,151.24748
,-33.22515,151.5059
,-33.734333,151.1238
,-33.71737,151.13133
,-33.615593,151.32796
,-33.403946,151.42618
AUSTRALIA,-33.9,151.2
,-33.76338,151.02893
,-33.753593,151.00986
,-33.68915,151.23604
,-33.31902,151.29811
,-33.269146,151.45656
,-33.752228,151.03018
,-33.687492,151.2145
,-33.7625,151.24222
,-33.88197,151.06007
,-33.636654,151.03027
,-33.73699,151.17705
,-33.763706,151.24478
,-33.38349,151.37123
,-33.8084,151.12827
,-33.775177,151.24217
,-33.433037,151.36708
,-33.495182,151.38329
,-33.67077,151.18729
,-33.346504,151.3703
,-33.403946,151.42618
,-33.981808,151.24484
,-33.737553,151.1541
,-33.636654,151.03027
,-33.734463,151.22
,-33.691765,151.11504
,-33.65903,151.11964
,-33.68781,151.26842
,-33.43002,151.34348
,-33.325386,151.41846
,-33.761005,151.01599
,-33.424484,151.36832
,-33.359264,151.372
,-33.68748,151.23494
,-33.718613,151.12523
,-33.673878,151.10585
,-33.435005,151.34554
,-33.774937,151.24097
,-33.63525,151.31529
AUSTRALIA,-33.7,151.1
,-33.75089,151.10483
,-33.541718,151.23634
,-33.68752,151.26714
,-33.684258,151.27254
,-33.778473,151.25388
,-33.800804,151.17407
,-33.360924,151.3695
,-33.751442,151.29208
,-33.75402,151.00876
,-33.7793,151.25435
,-33.772083,151.23685
,-33.40582,151.40958
,-33.635258,151.31583
AUSTRALIA,-33.3,151.4
,-33.429306,151.42738
,-33.76376,151.09846
,-33.659676,151.03331
,-33.256817,151.48093
,-33.750267,151.16676
,-33.90832,151.2391
,-33.929237,151.14688
,-33.387985,151.37007
,-33.711235,151.09575
,-33.769222,151.24683
,-33.751377,151.00992
,-33.763977,151.10095
,-33.736755,151.15665
,-33.622868,151.14948
,-33.01467,151.67993
,-33.934177,151.24992
,-33.759132,151.26857
,-33.80841,151.1893
,-33.260876,151.48085
,-33.367577,151.3957
,-33.70562,151.28479
,-33.763042,151.02551
,-33.37721,151.37349
,-33.123173,151.46716
,-33.252945,151.32692
,-33.38819,151.38274
,-33.379402,151.40355
,-33.795303,151.12672
,-33.737633,151.22101
,-33.777184,151.25381
,-33.685127,151.21341
,-33.114155,151.46732
,-33.76424,151.0085
,-33.88123,151.0605
,-33.28053,151.54865
,-33.694195,151.19615
,-33.659378,151.11905
,-33.37142,151.48647
,-33.449127,151.36638
,-33.33338,151.39267
,-33.66399,151.29349
,-33.51779,151.37299
,-33.489372,151.40659
,-33.510277,151.41193
,-33.484077,151.39395
,-33.629063,151.32458
,-33.32883,151.36398
,-33.996456,151.03864
,-33.01834,151.6028
,-33.655895,151.27553
,-33.431713,151.30898
,-33.43002,151.34348
,-33.747883,151.27037
,-33.38312,151.37354
,-33.72241,151.22833
,-33.38793,151.37325
,-33.48231,151.34248
,-33.329315,151.29918
,-33.75433,151.00954
,-33.6792,151.28477
,-33.702724,151.08073
,-33.706497,151.02719
,-33.708557,151.08566
,-33.732994,151.12282
,-33.272583,151.3588
AUSTRALIA,-33.7,151.1
,-33.807518,151.2847
,-33.687943,151.28455
,-33.36788,151.35002
,-33.719086,151.12535
,-33.400192,151.33867
,-33.73884,151.03307
,-33.64364,151.3222
,-33.63987,151.32329
,-33.505802,151.41469
,-33.229572,151.54042
AUSTRALIA,-33.7,151.1
,-33.30973,151.28519
,-33.7143,151.04546
,-33.68781,151.26842
,-33.696003,151.14958
,-33.171284,151.3505
,-33.45847,151.17007
,-33.385338,151.37442
,-33.68942,151.22308
,-33.768288,151.15321
,-33.407326,151.33261
,-33.100826,151.48361
,-33.680225,151.25716
,-33.241577,151.48866
,-33.706383,151.09677
,-33.185287,151.48415
,-33.441044,151.42824
,-33.317867,151.29741
,-33.75105,151.06554
,-33.653988,151.12456
,-33.791298,151.16972
,-33.025494,151.59732
,-33.633015,151.31674
,-33.76042,151.23814
AUSTRALIA,-33.6,151.1
,-33.63086,151.324
,-33.39258,151.37643
,-33.183556,151.47142
,-33.711243,151.09618
,-33.75264,151.10843
,-33.68781,151.26842
,-33.347355,151.36653
,-33.60744,151.32608
,-33.636654,151.03027
,-33.725834,151.22227
,-33.708176,151.09602
,-33.488544,151.34338
,-33.424484,151.36832
,-33.80935,151.2865
,-33.478905,151.34412
,-33.693153,151.02338
,-33.616257,151.33115
,-33.284935,151.42139
,-33.7124,151.02347
,-33.376404,151.38104
,-33.77134,151.25256
,-33.428272,151.41875
,-33.356804,151.35915
,-33.793255,151.25151
,-33.727585,151.0917
,-33.429142,151.41447
,-33.82979,151.14131
,-33.780003,151.16
,-33.673683,151.29028
,-33.512733,151.38249
,-33.28181,151.40662
,-33.307026,151.42053
,-33.596367,151.31934
,-33.97061,151.06357
,-33.742958,151.06546
,-33.934177,151.24992
,-33.514267,151.37201
,-33.26765,151.48181
,-33.530453,151.35854
,-33.751335,151.23363
,-33.636654,151.03027
,-33.733044,151.09483
,-33.6942,151.0903
,-33.232937,151.45338
,-33.763042,151.02551
,-33.759155,151.23224
,-33.308895,151.39835
,-33.802757,151.23479
,-33.730637,151.1143
,-33.365208,151.4131
,-33.63329,151.3369
,-33.721283,151.27638
,-33.761665,151.26208
,-33.384098,151.35866
,-33.325386,151.41846
,-33.423775,151.3957
,-33.445072,151.42603
,-33.886467,151.05138
,-33.77113,151.26189
,-33.735435,151.25667
,-33.36592,151.27908
AUSTRALIA,-33.9,151.1
,-33.752808,151.03102
,-33.76642,151.2305
,-33.75692,151.00793
,-33.367577,151.3957
,-33.331707,151.30902
AUSTRALIA,-33.6,151.1
AUSTRALIA,-33.7,151.1
,-33.25574,151.47446
,-33.68158,151.28409
,-33.65903,151.11964
,-33.718582,151.12517
,-33.756733,151.23892
,-33.789272,151.08253
,-33.74076,151.01797
,-33.785812,151.27995
,-33.639145,151.3233
,-33.79356,151.2525
,-33.595554,151.32088
,-33.524506,151.36295
,-33.659378,151.11905
,-33.243385,151.48868
AUSTRALIA,-33.3,151.4
AUSTRALIA,-33.7,151.1
,-33.651943,151.28316
,-33.88655,151.05087
,-33.73418,151.11029
,-33.734333,151.1238
,-33.733932,151.21461
,-33.698246,151.11711
,-33.677402,151.11224
,-33.521835,151.36092
,-33.737507,151.15727
,-33.683937,151.24962
,-33.362583,151.35872
,-33.092415,151.45966
,-33.64364,151.3222
,-33.466778,151.3955
,-33.77145,151.25081
,-33.724155,151.2133
,-33.41608,151.45128
,-33.762497,151.08118
AUSTRALIA,-33.78,151.21
,-33.75128,151.01392
,-33.38866,151.41098
,-33.735806,151.02386
,-33.11052,151.48012
,-33.44229,151.3852
,-33.0,115.8
,-33.0,115.8
,-32.2,116.0
Australia,-32.2,116.0
,-32.2,116.0
,-32.4,116.0
,-32.8,116.0
,-32.4,116.2
AUSTRALIA,-32.13,116.01
,-33.0,116.0
,-32.849773,150.3535
,-32.814987,151.78378
,-32.423466,151.10469
,-32.927414,151.69556
,-32.96382,151.70813
,-32.585598,151.79599
,-32.935944,151.13612
,-32.98298,151.67714
,-32.87702,151.64536
,-32.962845,151.64111
,-32.958855,151.6989
,-32.816326,151.45108
,-32.966454,151.68484
,-32.784065,151.63203
,-32.872406,151.7932
,-32.880672,151.64125
,-32.810352,151.47896
,-32.71778,151.50613
,-32.921852,151.60431
,-32.92838,151.12485
,-32.936024,151.59013
,-32.6289,151.23257
,-32.928814,151.67259
,-32.908264,151.59918
,-32.99087,151.70897
,-32.39012,152.50348
,-32.241104,152.13702
,-32.777157,152.08638
,-32.2079,152.53201
,-32.72022,152.10283
,-32.674343,152.17342
,-32.76842,152.0818
,-32.762108,152.08186
Argentina,-31.35,-58.18
Argentina,-31.37,-58.0
Australia,-32.0,116.0
,-31.4,116.0
,-32.0,116.2
AUSTRALIA,-31.13,150.98
AUSTRALIA,-31.0819,150.9416
,-31.0625,152.75833
,-31.532541,152.73105
,-31.459,152.86475
,-31.194769,152.96956
,-31.96625,152.56711
,-31.443727,152.8809
,-31.496752,152.73149
,-31.451347,152.82213
,-31.5038,152.7476
,-31.449102,152.87793
,-31.296602,152.81822
,-31.458643,152.87297
,-31.887222,152.18253
AUSTRALIA,-31.4,159.1
AUSTRALIA,-31.0,150.9
AUSTRALIA,-30.9,150.3
AUSTRALIA,-30.8638,151.1558
AUSTRALIA,-30.8,151.2
AUSTRALIA,-31.0,151.0
AUSTRALIA,-30.48,152.3
,-30.483728,152.99374
,-30.904213,153.06279
,-30.260817,153.04565
,-30.32682,153.10416
,-30.323074,153.08218
,-30.499971,153.0052
,-30.502678,153.0052
BR,-29.23,-51.34
BRA,-29.2,-51.3
Brazil,-29.2,-51.0
,-29.898035,153.06215
BRA,-28.7,-51.7
AUSTRALIA,-28.8,151.2
AUSTRALIA,-28.4844,151.9761
AUSTRALIA,-28.6,151.9
AUSTRALIA,-28.7,151.9
AUSTRALIA,-28.7,151.9
AUSTRALIA,-28.5,153.0
,-28.834375,153.31259
,-28.209389,153.46063
,-28.834349,153.32387
,-28.864227,153.28294
Argentina,-27.47,-58.83
Argentina,-27.47,-58.83
Argentina,-27.5,-58.77
AUSTRALIA,-27.86,153.11
BR,-26.09,-50.84
SOUTH AFRICA,-24.875,30.875
Brazil,-22.508,-42.533
Madagascar,-21.27,47.4
USA,-21.2278,47.379
Madagascar,-21.266666,47.416668
Madagascar,-21.23,47.38
Bolivia,-18.53,-64.1
Bolivia,-16.53,-68.08
Bolivia,-16.5,-68.75
Bolivia,-16.52,-68.13
Peru,-8.12,-79.02
Burundi,-3.21,29.22
Burundi,-3.21,29.22
Ecuador,-2.84,-78.91
Ecuador,-1.52,-78.5
Ecuador,-0.18,-78.35
USA,0.0,0.0
USA,0.0,0.0
USA,0.0,0.0
USA,0.0,0.0
USA,0.0,0.0
Estados Unidos,0.0,0.0
USA,0.0,0.0
USA,0.0,0.0
USA,0.0,0.0
USA,0.0,0.0
USA,0.0,0.0
USA,0.0,0.0
Costa Rica,0.0,0.0
USA,0.0,0.0
USA,0.0,0.0
USA,0.0,0.0
USA,0.0,0.0
USA,0.0,0.0
USA,0.0,0.0
USA,0.0,0.0
USA,0.0,0.0
USA,0.0,0.0
USA,0.0,0.0
USA,0.0,0.0
AUSTRALIA,0.0,0.0
USA,0.0,0.0
USA,0.0,0.0
USA,0.0,0.0
USA,0.0,0.0
USA,0.0,0.0
MEXICO,0.0,0.0
USA,0.0,0.0
USA,0.0,0.0
USA,0.0,0.0
USA,0.0,0.0
USA,0.0,0.0
USA,0.0,0.0
USA,0.0,0.0
USA,0.0,0.0
MEXICO,0.0,0.0
USA,0.0,0.0
USA,0.0,0.0
USA,0.0,0.0
USA,0.0,0.0
AUSTRALIA,0.0,0.0
USA,0.0,0.0
USA,0.0,0.0
USA,0.0,0.0
USA,0.0,0.0
USA,0.0,0.0
USA,0.0,0.0
USA,0.0,0.0
USA,0.0,0.0
USA,0.0,0.0
USA,0.0,0.0
USA,0.0,0.0
South Korea,0.0,0.0
USA,0.0,0.0
USA,0.0,0.0
USA,0.0,0.0
USA,0.0,0.0
USA,0.0,0.0
USA,0.0,0.0
USA,0.0,0.0
USA,0.0,0.0
USA,0.0,0.0
Republic of Korea,0.0,0.0
USA,0.0,0.0
USA,0.0,0.0
Estados Unidos,0.0,0.0
USA,0.0,0.0
USA,0.0,0.0
ES,0.0,0.0
China,0.0,0.0
USA,0.0,0.0
USA,0.0,0.0
USA,0.0,0.0
USA,0.0,0.0
USA,0.0,0.0
USA,0.0,0.0
USA,0.0,0.0
USA,0.0,0.0
USA,0.0,0.0
USA,0.0,0.0
USA,0.0,0.0
USA,0.0,0.0
ES,0.0,0.0
México,0.0,0.0
USA,0.0,0.0
USA,0.0,0.0
USA,0.0,0.0
USA,0.0,0.0
USA,0.0,0.0
USA,0.0,0.0
USA,0.0,0.0
USA,0.0,0.0
South Korea,0.0,0.0
USA,0.0,0.0
USA,0.0,0.0
USA,0.0,0.0
USA,0.0,0.0
USA,0.0,0.0
USA,0.0,0.0
MEXICO,0.0,0.0
BR,0.0,0.0
USA,0.0,0.0
USA,0.0,0.0
ESTADOS UNIDOS,0.0,0.0
BR,0.0,0.0
USA,0.0,0.0
USA,0.0,0.0
Costa Rica,0.0,0.0
USA,0.0,0.0
USA,0.0,0.0
USA,0.0,0.0
Brasil,0.0,0.0
MEXICO,0.0,0.0
South Korea,0.0,0.0
USA,0.0,0.0
USA,0.0,0.0
USA,0.0,0.0
USA,0.0,0.0
ESTADOS UNIDOS,0.0,0.0
USA,0.0,0.0
USA,0.0,0.0
USA,0.0,0.0
ESTADOS UNIDOS,0.0,0.0
USA,0.0,0.0
USA,0.0,0.0
USA,0.0,0.0
USA,0.0,0.0
USA,0.0,0.0
USA,0.0,0.0
MEXICO,0.0,0.0
USA,0.0,0.0
USA,0.0,0.0
USA,0.0,0.0
USA,0.0,0.0
USA,0.0,0.0
Republic of Korea,0.0,0.0
USA,0.0,0.0
USA,0.0,0.0
AUSTRALIA,0.0,0.0
USA,0.0,0.0
USA,0.0,0.0
USA,0.0,0.0
USA,0.0,0.0
ES,0.0,0.0
USA,0.0,0.0
USA,0.0,0.0
USA,0.0,0.0
USA,0.0,0.0
USA,0.0,0.0
USA,0.0,0.0
USA,0.0,0.0
USA,0.0,0.0
USA,0.0,0.0
USA,0.0,0.0
Sierra Leone,0.0,0.0
USA,0.0,0.0
USA,0.0,0.0
USA,0.0,0.0
USA,0.0,0.0
Costa Rica,0.0,0.0
USA,0.0,0.0
USA,0.0,0.0
USA,0.0,0.0
USA,0.0,0.0
USA,0.0,0.0
ESTADOS UNIDOS,0.0,0.0
Sierra Leone,0.0,0.0
USA,0.0,0.0
USA,0.0,0.0
Republic of Korea,0.0,0.0
USA,0.0,0.0
USA,0.0,0.0
Costa Rica,0.0,0.0
MEXICO,0.0,0.0
USA,0.0,0.0
USA,0.0,0.0
USA,0.0,0.0
USA,0.0,0.0
Cameroon,4.9666667,9.933333
Cameroon,4.9666667,9.933333
Cameroon,4.9666667,9.933333
Cameroon,4.9666667,9.933333
Cameroon,4.9666667,9.933333
Cameroon,4.9666667,9.933333
Cameroon,4.9666667,9.933333
Cameroon,4.9666667,9.933333
Cameroon,4.9666667,9.933333
Cameroon,4.9666667,9.933333
Cameroon,4.9666667,9.933333
Cameroon,4.9666667,9.933333
Cameroon,4.9666667,9.933333
Ghana,5.55,-0.21666667
Ghana,5.55,-0.21666667
Ghana,5.33,-0.13
Ghana,5.39,-0.11
Ghana,5.33,-0.13
Ghana,5.37,-0.14
Colombia,6.55,-75.52
Colombia,7.08,-75.53
Panama,8.83,-82.5
Panama,8.87,-82.57
Panama,8.85,-82.56
Panama,8.87,-82.6
Panama,8.87,-82.57
Panama,8.78,-82.55
Panama,8.85,-82.55
Panama,8.85,-82.55
Costa Rica,9.58,-83.93
Costa Rica,9.575,-83.93472
Costa Rica,9.41167,-83.85722
Costa Rica,9.63528,-83.88398
Costa Rica,9.16889,-83.40417
Costa Rica,9.63528,-83.88398
Costa Rica,9.41167,-83.85722
Costa Rica,9.575,-83.93472
Costa Rica,9.63528,-83.88398
Costa Rica,9.41167,-83.85722
Costa Rica,9.41167,-83.85722
Costa Rica,10.13,-84.1
Costa Rica,10.13333,-84.1
Costa Rica,10.13472,-84.10555
Costa Rica,10.19444,-84.156944
Costa Rica,10.19,-84.15
Costa Rica,10.13,-84.1
Costa Rica,10.13,-84.1
Costa Rica,10.13,-84.1
Costa Rica,10.19,-84.15
Nicaragua,12.1,-86.27
El Salvador,13.67,-89.25
Honduras,14.2,-87.1
Honduras,14.2,-87.1
Honduras,14.03,-87.14
Honduras,14.13,-87.16
Honduras,14.01,-87.01
Honduras,14.2,-87.1
Honduras,14.2,-87.1
Honduras,14.2,-87.1
Guatemala,15.39,-91.13
Guatemala,15.1,-90.06
MEXICO,16.983,-96.433
Mexico,16.81,-92.64
MEXICO,16.817,-92.567
Mexico,16.74,-92.71
MEXICO,16.733,-92.683
Mexico,16.75,-92.62
Mexico,17.22,-96.3
Mexico,18.27,-97.92
Mexico,18.67,-96.98
MEXICO,18.667,-96.983
MEXICO,18.583,-95.283
MEXICO,18.583,-95.283
Puerto Rico,18.295,-67.11
Puerto Rico,18.15667,-66.55633
Puerto Rico,18.164722,-66.7225
United States,19.597485,-155.4985
MEXICO,19.431,-102.397
MEXICO,19.469,-102.344
MEXICO,19.427,-102.41
Mexico,19.36,-99.24
MEXICO,19.08,-98.52
MEXICO,19.067,-98.517
MEXICO,19.737,-97.259
MEXICO,19.898,-97.622
MEXICO,19.851,-97.495
MEXICO,19.87,-97.588
MEXICO,19.847,-97.498
Mexico,19.535,-96.825
MEXICO,19.586,-96.977
MEXICO,19.533,-96.817
MEXICO,19.771,-96.822
Mexico,19.7497,-96.6942
MEXICO,19.54,-96.928
MEXICO,19.767,-96.683
MEXICO,19.767,-96.683
MEXICO,19.54,-96.928
MEXICO,19.767,-96.817
MEXICO,19.802,-96.822
MEXICO,19.535,-96.825
MEXICO,19.905,-96.808
MEXICO,19.667,-96.867
Mexico,19.535,-96.825
MEXICO,19.717,-96.85
MEXICO,19.233,-96.317
MEXICO,19.233,-96.317
MEXICO,19.783,-96.767
Caribbean,19.03,-70.62
U.S.A.,20.75474,-156.3069
U.S.A.,20.76667,-156.28333
U.S.A.,20.93444,-156.61667
Mexico,20.18,-100.1
Mexico,20.24,-98.2
MEXICO,20.533,-98.483
Mexico,20.24,-98.2
MÉXICO,20.633,-98.65
MEXICO,20.567,-98.507
MEXICO,20.535,-98.478
MEXICO,20.583,-98.467
MEXICO,20.2,-96.783
MEXICO,21.882,-102.3
United States,22.012655,-159.70488
Mexico,22.32,-104.33
MEXICO,22.362,-104.429
MEXICO,22.05,-98.183
,23.933332,23.633333
,23.933332,23.633333
1,23.93333,23.63333
1,23.93333,23.63333
Taiwan,23.5667,119.5667
,23.082016,120.74914
,23.689003,120.780624
1,23.25,120.96667
,23.689003,120.780624
,23.566854,120.72337
,23.566854,120.72337
,23.082016,120.74914
,23.340942,120.827866
,23.649801,120.54974
,23.805277,120.84167
,23.578047,120.67069
,23.578047,120.67069
,23.340942,120.827866
,23.805277,120.84167
,23.25,120.96667
,23.278812,120.91384
,23.649801,120.54974
Taiwan,23.95,121.8833
CN,24.4975,109.73305
CHN,24.32306,109.49222
Taiwan,24.8797,120.9544
Taiwan,24.794167,120.9525
,24.36108,120.9045
Taiwan,24.8833,120.95
,24.068388,120.53229
,24.068388,120.53229
,24.36108,120.9045
,24.376667,120.72195
,24.184076,120.779785
,24.655983,120.78795
,24.184076,120.779785
Taiwan,24.716944,120.86667
,24.655983,120.78795
Taiwan,24.303888,120.71389
Taiwan,24.878334,120.95361
,24.1591,120.95311
,24.184076,120.779785
,24.496475,120.69561
,24.325436,120.57797
,24.366953,120.72877
,24.184076,120.779785
,24.184076,120.779785
1,24.37667,120.72194
,24.368654,120.720894
1,24.37667,120.72194
,24.184076,120.779785
,24.325436,120.57797
Taiwan,24.844166,120.937775
,24.1591,120.95311
,24.496475,120.69561
Taiwan,24.434444,120.645
,24.376667,120.72195
,24.98611,121.202774
Taiwan,24.841389,121.940834
Taiwan,24.944166,121.53028
Taiwan,24.993334,121.66639
Taiwan,24.9689,121.0519
,24.482847,121.47064
Taiwan,24.9825,121.02
Taiwan,24.993334,121.66639
Taiwan,24.8,121.1833
,24.96889,121.05194
1,24.76667,121.55
Taiwan,24.075277,121.41167
1,24.9,121.13333
Taiwan,24.988056,121.306114
Taiwan,24.898611,121.155556
Taiwan,24.9861,121.2028
,24.086111,121.02524
Taiwan,24.990555,121.532776
,24.086924,121.023254
1,24.26667,121.56667
,24.9,121.13333
1,24.98111,121.08417
,24.983334,121.53333
,24.766666,121.55
,24.089352,121.06255
1,24.93333,121.7
1,24.96889,121.05194
Taiwan,24.995832,121.4925
TW,24.25,121.083336
,24.266666,121.566666
,24.933332,121.7
,24.981112,121.08417
Taiwan,24.9811,121.0842
,24.482847,121.47064
1,24.98333,121.53333
Taiwan,24.8,121.1833
1,24.98611,121.20278
MEXICO,25.34,-100.178
China,25.29544,98.800224
CN,25.295555,98.80028
China,25.2975,98.7953
China,25.297497,98.79527
1,25.11667,120.55
,25.116667,120.55
,25.116667,120.55
1,25.11667,120.55
,25.116667,120.55
1,25.11667,120.55
,25.033333,121.5
,25.035,121.223335
Taiwan,25.142221,121.38695
,25.05,121.45
Taiwan,25.0075,121.53
,25.0,121.65
Taiwan,25.134445,121.42167
Taiwan,25.0075,121.53
Taiwan,25.0278,121.5722
,25.116667,121.35
Taiwan,25.0575,121.35306
Taiwan,25.0467,121.0658
,25.05,121.45
,25.046667,121.065834
1,25.0,121.65
,25.027779,121.58889
1,25.02778,121.58889
Taiwan,25.0075,121.53
Taiwan,25.141945,121.5425
Taiwan,25.1333,121.4167
,25.033333,121.5
Taiwan,25.031666,121.56167
Taiwan,25.134445,121.42167
,25.033333,121.5
Taiwan,25.0075,121.53
1,25.05,121.45
1,25.03333,121.5
Taiwan,25.130556,121.494446
Taiwan,25.0575,121.3525
Taiwan,25.085556,121.516945
1,25.03333,121.5
1,25.11667,121.35
1,25.25,121.33333
,25.035,121.223335
Taiwan,25.0075,121.53
Taiwan,25.286667,121.55889
Taiwan,25.09389,121.51583
Taiwan,25.027222,121.505554
Taiwan,25.059166,121.18528
Taiwan,25.199722,121.44417
Taiwan,25.134445,121.42167
Taiwan,25.017221,121.530556
Taiwan,25.199722,121.44417
1,25.05,121.45
1,25.03333,121.5
Taiwan,25.199722,121.44417
1,25.04667,121.06583
,25.25,121.333336
Taiwan,25.0547,121.3103
United States,26.14948,-97.44917
United States,26.146137,-80.452896
China,26.770142,98.887665
CN,26.770279,98.88778
,26.2,119.88333
1,26.2,119.88333
,26.2,119.88333
,26.2,119.88333
1,26.2,119.88333
1,26.2,119.88333
,26.2,119.88333
1,26.2,119.88333
,26.233334,120.0
1,26.23333,120.0
United States,27.194506,-82.369354
United States,27.902617,-82.73895
China,27.2125,98.6956
MEXICO,28.417,-108.333
Mexico,28.41667,-108.3333
MEXICO,28.417,-108.333
United States,28.553015,-82.46823
United States,28.708136,-82.07918
United States,28.76558,-81.71741
United States,28.708658,-81.2271
United States,29.810501,-98.283516
United States,29.448584,-98.51987
United States,29.836706,-97.613815
United States,29.85685,-95.39268
United States,29.380499,-94.85841
United States,29.859568,-94.14002
United States,29.703602,-94.67944
USA,29.768,-93.416
United States,29.84698,-93.20005
US,29.95861,-92.86694
United States,29.813814,-92.30916
United States,29.7936,-91.78493
United States,29.635344,-91.46789
United States,29.899078,-91.06396
United States,29.911797,-90.35676
United States,29.494211,-90.39901
United States,29.335346,-90.83771
United States,29.717918,-90.10241
United States,29.894985,-89.34609
United States,29.391155,-89.48146
United States,29.801579,-84.816734
United States,29.211533,-82.05905
United States,29.277485,-82.78985
United States,29.949503,-82.168175
United States,29.676031,-82.35834
United States,29.734196,-82.802704
United States,29.067589,-81.1385
China,29.5,117.5
United States,30.062193,-99.34866
United States,30.057564,-98.029526
United States,30.64432,-97.59834
United States,30.3333,-97.7794
US,30.67,-96.32
United States,30.789011,-96.97526
United States,30.213697,-96.405464
United States,30.66165,-96.30053
United States,30.575047,-95.16269
United States,30.96655,-95.930374
United States,30.737951,-95.573906
United States,30.299725,-95.5019
United States,30.013363,-95.981995
United States,30.336012,-94.39314
United States,30.46,-94.35
United States,30.227818,-93.35775
United States,30.12552,-93.89431
United States,30.65335,-93.34056
United States,30.655811,-92.82795
United States,30.291311,-92.410835
United States,30.733084,-92.41213
United States,30.2062,-92.06391
United States,30.598433,-92.0035
United States,30.26856,-92.81554
United States,30.262926,-91.34931
United States,30.462652,-91.31299
USA,30.38,-91.18611
USA,30.391666,-91.13167
United States,30.129766,-91.61197
United States,30.872768,-91.42342
United States,30.54375,-91.09359
United States,30.85027,-91.0487
USA,30.833,-91.5
USA,30.218334,-91.92306
United States,30.708212,-91.60042
United States,30.443632,-90.73103
United States,30.118238,-90.50189
United States,30.025824,-90.79596
United States,30.63363,-90.40206
USA,30.839,-90.408
United States,30.202864,-90.90911
United States,30.820396,-90.70986
United States,30.85203,-90.04154
USA,30.235,-89.63966
United States,30.770422,-89.59246
United States,30.065845,-89.93136
United States,30.41905,-89.09007
United States,30.399052,-89.96363
US,30.24972,-88.10722
United States,30.68435,-88.198524
United States,30.463024,-88.62192
United States,30.60728,-87.332596
United States,30.696032,-87.01638
United States,30.65488,-87.75474
US,30.42361,-87.36056
United States,30.61452,-86.170815
United States,30.86745,-85.81233
United States,30.797108,-85.21277
United States,30.581581,-84.612366
United States,30.152674,-84.38125
United States of America,30.7423,-84.9198
United States,30.4569,-84.27908
United States,30.232796,-84.88691
United States,30.864817,-83.91853
United States,30.834682,-83.26782
United States,30.420937,-83.89646
United States,30.451965,-83.467224
United States,30.778898,-82.13993
United States,30.323793,-82.2738
United States,30.042652,-82.37403
US,30.33694,-81.66027
United States,30.610691,-81.767654
United States,30.33415,-81.648506
United States,31.890821,-109.73695
United States,31.027267,-96.51402
United States,31.702337,-96.14795
United States,31.835463,-95.16665
United States,31.300325,-95.99998
United States,31.317507,-95.42918
United States,31.2561,-94.60686
United States,31.107985,-93.186455
United States,31.726307,-93.095
United States,31.55972,-93.55815
United States,31.1965,-92.535965
United States,31.9451,-92.63673
United States,31.07095,-92.00276
United States,31.592718,-92.55957
United States,31.676283,-92.15827
United States of America,31.4752,-92.4673
United States,31.440565,-91.63958
United States,31.666363,-91.84561
United States,31.164368,-91.318634
United States of America,31.1,-91.5
United States of America,31.0,-91.5
United States,31.175512,-90.39998
United States,31.173239,-90.80078
United States,31.549557,-90.1073
United States,31.535912,-90.452095
United States,31.477505,-90.898056
United States,31.144913,-90.102516
United States,31.972536,-90.914314
United States,31.209871,-89.50539
United States,31.186842,-89.25875
United States,31.564423,-89.82339
United States,31.915476,-89.92094
United States,31.230661,-89.822014
United States,31.623917,-89.16839
United States,31.643696,-88.70208
United States,31.402697,-88.20275
United States,31.171858,-88.98747
United States,31.13691,-87.1627
United States,31.428183,-86.993
United States,31.751982,-86.682304
United States,31.426115,-85.612335
US,31.51444,-85.72889
United States,31.863073,-85.38899
United States,31.516094,-85.23984
United States,31.094395,-85.83733
United States,31.151186,-85.30458
United States,31.53832,-84.21578
United States,31.223831,-84.19464
United States,31.330837,-84.45401
United States,31.154783,-83.43077
United States,31.186499,-83.76833
United States,31.552687,-83.84816
United States,31.456642,-83.526085
United States,31.759396,-83.21976
United States,31.274242,-83.23179
United States,31.925398,-83.77158
United States of America,31.93282,-82.49466
United States,31.47999,-81.37239
United States,31.968395,-81.08524
,31.0,116.083336
,31.0,116.083336
United States,32.2312,-110.9526
United States,32.77045,-97.29328
United States,32.76685,-96.77801
United States,32.48466,-94.81055
United States,32.105286,-94.75741
United States,32.680805,-93.60296
United States,32.06172,-93.735954
United States,32.579178,-93.87992
United States,32.34866,-93.05552
USA,32.1285,-93.047
United States,32.093628,-93.33089
United States,32.703884,-93.33053
United States,32.47785,-92.15565
United States,32.82715,-92.37758
USA,32.4667,-92.65
USA,32.516,-92.716
United States,32.296272,-92.55379
United States,32.81569,-92.994415
USA,32.533,-92.63392
United States,32.08706,-92.11965
United States,32.6039,-92.66315
United States,32.138245,-91.672714
United States,32.73412,-91.235344
United States,32.785816,-91.45312
United States,32.818016,-91.799736
United States,32.417473,-91.76423
United States,32.37065,-91.24279
United States,32.002594,-91.33043
United States,32.63364,-90.03384
United States,32.26345,-90.443596
United States,32.35744,-90.85174
United States,32.780666,-90.40496
United States,32.878925,-90.8116
United States,32.019337,-89.12036
United States,32.40511,-89.118256
United States,32.752403,-89.119354
United States,32.40495,-89.54533
United States,32.01631,-89.50124
United States,32.593445,-88.193794
United States,32.024864,-88.26578
United States,32.40435,-88.660576
US,32.69306,-88.11555
United States,32.756104,-88.64542
US,32.88166,-88.06445
United States,32.85478,-87.95123
US,32.28861,-87.63111
United States,32.996944,-87.126854
US,32.5925,-87.05028
United States,32.329594,-87.10952
United States,32.248547,-87.790375
US,32.46833,-87.62167
United States,32.59991,-86.13816
United States,32.542206,-86.64147
United States,32.1575,-86.64263
United States,32.22435,-86.2038
US,32.53861,-86.315
US,32.38472,-86.86639
US,32.40556,-86.72056
United States,32.384888,-85.69257
US,32.4475,-85.89889
US,32.6,-85.4
United States,32.597366,-85.35589
United States,32.860832,-85.7976
US,32.39972,-85.86806
United States,32.51071,-84.87497
United States,32.740746,-84.906075
United States,32.17328,-83.166245
United States,32.042664,-82.06064
United States,32.779194,-81.14306
United States,32.390705,-81.74391
United States,32.748714,-81.61441
United States,32.990875,-81.354904
United States,32.35324,-80.69358
United States,32.844498,-80.65202
United States,32.820343,-79.89632
United States,33.67497,-117.7774
USA,33.0,-117.0
USA,33.0,-117.0
USA,33.0,-117.0
United States,33.02056,-116.771866
USA,33.0,-117.0
USA,33.0,-117.0
USA,33.0,-117.0
USA,33.0,-117.0
USA,33.0,-117.0
USA,33.0,-117.0
USA,33.0,-117.0
United States,33.6117,-101.81989
United States of America,33.7,-96.6
United States,33.12274,-96.08531
United States,33.1846,-96.577644
United States,33.97016,-96.25483
United States,33.62382,-96.67629
United States,33.445683,-94.42266
United States,33.99851,-94.23769
United States,33.071053,-94.34585
United States,33.235523,-93.610596
United States,33.311497,-93.88056
United States,33.21509,-93.22653
United States,33.666725,-93.30288
United States,33.89444,-92.18791
United States,33.46324,-92.168365
United States,33.17029,-92.594444
United States,33.591133,-92.879265
United States,33.966854,-92.657036
United States,33.190784,-91.77226
United States,33.83126,-91.2593
United States,33.26634,-91.2977
United States,33.589684,-91.7169
United States,33.95322,-91.73393
United States,33.606743,-90.59501
United States,33.547985,-90.29765
United States,33.12119,-90.088356
United States of America,33.416668,-90.916664
United States,33.285526,-90.94752
United States,33.09319,-89.035416
United States,33.77093,-89.80111
United States,33.612988,-89.28241
United States,33.08895,-89.58046
United States,33.345203,-89.25242
United States,33.65181,-88.77393
United States,33.110928,-88.570175
United States,33.2838,-88.08408
United States,33.890255,-88.48525
United States,33.28794,-87.523766
USA,33.183,-87.533
US,33.15778,-87.47083
US,33.05778,-87.44139
US,33.20972,-87.54083
US,33.20833,-87.54778
US,33.40195,-86.57222
United States,33.383987,-86.16949
United States,33.71257,-86.318306
United States,33.266792,-86.65467
United States,33.97974,-86.566216
United States,33.290802,-85.456436
United States,33.774548,-85.82562
United States,33.268723,-85.859856
United States,33.67087,-85.51739
US,33.74888,-84.38805
United States,33.072998,-84.135216
United States,33.043407,-84.68501
United States,33.35261,-84.762596
United States,33.880978,-83.08201
United States,33.951965,-83.36602
United States,33.553177,-83.84438
United States,33.592846,-83.49307
United States,33.83733,-83.43728
United States,33.786636,-82.744354
United States,33.8992,-82.30472
United States,33.359383,-82.074
United States,33.263885,-81.43724
United States,33.89878,-81.2704
United States,33.218685,-81.05088
United States,33.546055,-81.63852
United States,33.916405,-80.38211
United States,33.674717,-80.78091
United States,33.08131,-80.40449
United States,33.66477,-80.21766
United States,33.441547,-80.79872
United States,33.41416,-79.29623
United States,33.195152,-79.95028
United States,33.616604,-79.72789
United States,33.91021,-78.97617
Japan,33.1625,133.206
Japan,33.4792,133.019
Japan,33.4125,134.119
Japan,33.4125,134.119
Japan,33.10709,139.79095
USA,34.0,-120.0
USA,34.0,-120.0
USA,34.0,-118.0
USA,34.0,-118.0
USA,34.0,-118.0
USA,34.0,-118.0
USA,34.0,-118.0
USA,34.0,-118.0
USA,34.0,-117.0
USA,34.0,-117.0
USA,34.0,-117.0
USA,34.0,-117.0
United States,34.595238,-112.55404
United States,34.01853,-103.48002
United States,34.026997,-95.5535
United States,34.858643,-94.06349
United States,34.47477,-94.224
United States,34.053833,-93.176506
United States,34.545967,-93.66019
United States,34.166363,-93.65474
United States,34.08983,-93.98951
United States,34.997776,-93.4069
United States,34.57332,-93.15395
United States,34.7701,-92.310814
United States,34.94697,-92.93405
United States,34.287457,-92.42342
United States,34.320145,-92.945114
United States,34.648426,-92.67459
United States of America,34.746387,-92.28972
United States,34.740314,-91.85301
United States,34.68028,-91.20306
United States,34.28887,-91.37634
United States,34.26921,-91.92908
United States,34.425632,-90.85202
United States,34.779636,-90.78032
United States,34.22526,-90.597275
United States,34.770065,-89.50947
United States,34.227505,-89.03682
United States,34.816936,-89.18701
United States,34.87528,-89.99199
United States,34.358685,-89.48547
United States,34.363316,-89.94654
United States,34.48969,-89.00411
United States,34.0319,-89.71544
United States,34.653316,-89.94012
United States,34.740658,-88.24331
United States,34.289055,-88.681206
United States,34.77007,-88.90831
United States,34.435932,-87.84365
United States,34.903732,-87.64758
US,34.33916,-87.44334
United States,34.154533,-87.37348
United States,34.707294,-87.79657
United States,34.51999,-87.31022
United States,34.13447,-87.886566
US,34.95472,-87.30334
United States,34.81032,-86.98142
United States,34.453297,-86.8573
United States,34.365158,-86.31306
United States,34.04753,-86.03825
US,34.01944,-86.56667
United States,34.13167,-86.8669
US,34.42139,-86.28167
United States,34.85462,-85.504715
United States,34.187088,-85.60575
United States,34.45983,-85.79873
United States,34.223774,-84.126724
United States,34.781933,-84.74822
United States,34.238403,-84.83918
United States,34.864143,-84.31928
United States,34.133324,-83.56274
United States,34.128468,-83.20978
United States,34.555805,-83.29395
United States,34.83436,-83.99088
United States,34.156258,-82.12854
United States,34.114998,-82.83977
United States,34.52005,-82.63819
United States,34.227272,-82.45302
United States of America,34.069,-82.617
United States,34.48403,-82.00537
United States,34.88868,-82.72385
United States of America,34.072,-82.641
United States,34.89313,-82.370834
United States,34.691837,-81.158516
United States,34.288986,-81.59964
United States,34.970036,-81.182976
United States,34.692677,-81.61654
United States,34.396023,-81.125626
United States,34.931637,-81.99075
United States,34.974667,-80.10227
United States,34.98808,-80.533325
United States,34.339,-80.58785
United States,34.158253,-80.25347
United States,34.030983,-80.90659
United States,34.63795,-80.1588
United States,34.686634,-80.704346
United States,34.080547,-79.362045
United States,34.331852,-79.955345
United States,34.64029,-79.107086
United States,34.02378,-79.70732
United States,34.601704,-79.67812
United States,34.84148,-79.48027
United States,34.03859,-78.221375
United States,34.991474,-78.36865
United States,34.619415,-78.555916
United States,34.182266,-77.86493
United States,34.93628,-77.93496
United States,34.51026,-77.88741
United States,34.714504,-77.413155
United States,34.87634,-76.504364
South Korea,34.0,126.0
South Korea,34.0,126.0
South Korea,34.0,126.0
South Korea,34.0,126.0
Japan,34.36714,132.4906
,34.2253,134.83
Japan,34.4069,135.798
Japan,34.4069,135.798
Japan,34.4916,135.951
Japan,34.5922,135.847
Japan,34.4456,135.698
JP,34.1,135.56667
Japan,34.4069,135.798
Japan,34.6725,135.765
Japan,34.6131,135.955
Japan,34.3553,135.798
Japan,34.4069,135.798
Japan,34.4069,135.798
Japan,34.4916,135.951
Japan,34.4294,135.888
Japan,34.4681,135.969
Japan,34.6278,135.694
Japan,34.5705,135.746
Japan,34.4916,135.951
United States,35.381634,-120.445526
United States,35.20082,-97.328476
United States,35.609352,-95.37944
United States,35.225338,-95.11118
United States,35.878036,-94.658226
United States,35.98574,-94.214355
United States,35.19915,-94.27539
United States,35.579453,-94.24637
United States,35.917736,-93.22308
United States,35.51225,-93.89193
United States,35.56902,-93.46117
United States,35.215115,-93.71263
United States,35.44643,-93.03576
United States,35.862904,-92.153496
United States,35.263496,-92.69505
United States,35.147167,-92.33529
United States,35.58119,-92.51904
United States,35.542423,-92.02899
United States,35.18755,-91.24103
United States,35.254807,-91.74579
United States,35.7441,-91.566216
United States,35.30001,-90.77143
United States,35.021645,-90.74732
United States,35.577393,-90.663216
United States,35.828125,-90.63188
United States,35.21264,-90.314064
United States,35.764084,-90.054474
United States,35.18874,-89.41331
United States,35.58009,-89.28644
United States,35.4922,-89.75748
United States,35.1843,-89.892265
United States,35.65493,-88.386314
United States,35.203033,-88.9968
United States,35.19538,-88.18634
United States,35.605488,-88.10568
United States,35.175255,-88.56423
United States,35.223766,-87.393265
United States,35.6158,-87.07636
United States,35.23579,-87.78697
United States,35.491585,-86.07455
United States,35.1407,-86.58848
United States,35.89376,-86.89919
United States,35.1515,-86.097176
United States,35.843235,-86.41654
United States,35.392307,-85.720116
United States,35.12763,-85.610306
United States,35.9514,-84.99734
United States,35.137054,-84.06394
United States,35.847248,-84.52297
US,35.79722,-84.25611
United States,35.126324,-84.51554
United States,35.44759,-84.25083
United States,35.9925,-83.93741
United States,35.49237,-83.49217
United States,35.287914,-83.144424
United States,35.782562,-83.52085
United States,35.34898,-83.83276
United States,35.6869,-83.92557
United States,35.05829,-83.755775
United States,35.149662,-83.42055
United States,35.858223,-82.7116
United States,35.68217,-82.04832
United States,35.198383,-82.797134
United States,35.277435,-82.16622
United States,35.552914,-82.97847
United States,35.336678,-82.48106
United States,35.954178,-81.54671
US,35.48777,-81.96361
United States,35.484318,-81.22287
United States,35.747223,-81.70554
United States,35.33582,-81.555984
United States,35.663,-81.21445
United States,35.048283,-81.62275
United States,35.92184,-81.176956
United States,35.295734,-81.18137
United States,35.793987,-80.21205
US,35.7825,-80.88722
United States,35.312435,-80.25324
United States,35.808937,-80.87285
United States,35.57,-80.12
United States,35.38772,-80.55062
United States,35.2483,-80.83312
United States,35.63594,-80.52288
United States,35.00299,-79.746605
United States,35.020733,-79.2336
United States,35.710854,-79.80646
United States,35.476112,-79.17229
United States,35.701626,-79.25792
United States,35.36232,-78.004616
United States,35.789932,-78.65043
United States,35.37072,-78.86448
United States,35.519142,-78.36519
United States,35.046497,-78.82867
United States,35.91397,-77.59641
United States,35.843384,-77.10279
United States,35.590836,-77.376724
United States,35.26,-77.62
United States,35.486404,-77.6841
United States,35.70482,-77.919106
United States,35.241505,-77.64281
United States,35.968403,-77.98815
United States,35.48273,-76.8448
United States,35.15032,-76.6676
United States,35.83681,-76.564705
United States,35.406174,-76.15317
United States,35.870396,-76.16513
United States,35.689903,-75.726974
South Korea,35.0,126.0
South Korea,35.0,126.0
South Korea,35.0,126.0
South Korea,35.0,126.0
South Korea,35.0,126.0
South Korea,35.0,128.0
South Korea,35.215,128.126
South Korea,35.221,128.117
South Korea,35.225,128.119
South Korea,35.218,128.126
South Korea,35.225,128.121
South Korea,35.0,128.0
South Korea,35.221,128.117
South Korea,35.209,128.121
South Korea,35.0,128.0
South Korea,35.209,128.121
South Korea,35.0,128.0
South Korea,35.225,128.12
South Korea,35.225,128.121
South Korea,35.0,128.0
South Korea,35.0,128.0
South Korea,35.225,128.12
South Korea,35.219,128.134
South Korea,35.225,128.119
South Korea,35.215,128.126
South Korea,35.218,128.126
South Korea,35.219,128.134
South Korea,35.436,129.224
South Korea,35.435,129.224
South Korea,35.436,129.224
South Korea,35.435,129.224
Japan,35.2158,138.991
Japan,35.4324,139.491
Japan,35.2991,139.078
Japan,35.3241,139.053
Japan,35.5824,139.341
Japan,35.5574,139.666
Japan,35.646755,139.27286
Japan,35.2241,139.028
Japan,35.3658,139.603
Japan,35.5074,139.366
Japan,35.2158,139.678
Japan,35.1741,139.091
Japan,35.3241,139.616
Japan,35.4408,139.316
Japan,35.2408,139.103
Japan,35.4574,139.578
Japan,35.5241,139.103
Japan,35.3158,139.528
Japan,35.4491,139.291
Japan,35.1408,139.091
Japan,35.3158,139.028
Japan,35.5824,139.341
Japan,35.5491,139.666
Japan,35.5741,139.316
Japan,35.3908,139.528
Japan,35.5407,139.241
Japan,35.646755,139.27286
Japan,35.2241,139.078
Japan,35.4074,139.566
Japan,35.5074,139.328
Japan,35.2574,139.153
Japan,35.646755,139.27286
Japan,35.4324,139.491
Japan,35.47111,139.16583
Japan,35.5324,139.228
Japan,35.3241,139.316
Japan,35.6689,139.4776
Japan,35.3074,139.191
Japan,35.3991,139.553
Japan,35.4324,139.491
Japan,35.4324,139.516
Japan,35.625168,139.2436
Japan,35.5074,139.278
Japan,35.1491,139.066
Japan,35.3741,139.128
Japan,35.5491,139.403
Japan,35.5991,139.578
Japan,35.3324,139.141
Japan,35.5158,139.203
Japan,35.1408,139.653
Japan,35.4491,139.466
Japan,35.646755,139.27286
Japan,35.4158,139.066
Japan,35.5074,139.566
Japan,35.6689,139.4776
Japan,35.3658,139.528
Japan,35.5407,139.291
Japan,35.5824,139.316
Japan,35.6595,139.706
Japan,35.4824,139.528
Japan,35.2741,139.053
Japan,35.5491,139.578
Japan,35.3741,139.516
Japan,35.4491,139.491
Japan,35.6324,139.153
Japan,35.4991,139.578
Japan,35.3908,139.041
Japan,35.4408,139.216
Japan,35.1491,139.116
Japan,35.4658,139.491
Japan,35.6074,139.166
Japan,35.5241,139.666
Japan,35.4074,139.141
Japan,35.5158,139.203
Japan,35.3074,139.553
Japan,35.4824,139.378
Japan,35.4491,139.603
Japan,35.3324,139.128
Japan,35.5491,139.203
Japan,35.5241,139.366
Japan,35.5074,139.466
Japan,35.4408,139.603
Japan,35.4241,139.153
Japan,35.731804,139.43463
Japan,35.4158,139.603
Japan,35.4741,139.516
Japan,35.1408,139.166
Japan,35.3158,139.091
Japan,35.5741,139.291
Japan,35.5074,139.391
Japan,35.4408,139.403
Japan,35.646755,139.27286
Japan,35.4491,139.591
Japan,35.4908,139.478
Japan,35.4158,139.003
Japan,35.3408,139.528
Japan,35.4574,139.341
Japan,35.2575,139.616
Japan,35.4408,139.653
Japan,35.5907,139.641
Japan,35.5407,139.241
Japan,35.2408,139.116
Japan,35.1575,139.141
Japan,35.2991,139.078
Japan,35.5741,139.291
Japan,35.5991,139.341
Japan,35.4158,139.453
Japan,35.6208,139.5699
Japan,35.4907,139.053
Japan,35.5907,139.528
Japan,35.646755,139.27286
Japan,35.4158,139.666
Japan,35.5241,139.228
Japan,35.1991,139.128
Japan,35.3491,139.541
Japan,35.4824,139.391
Japan,35.4574,139.591
Japan,35.646755,139.27286
Japan,35.646755,139.27286
Japan,35.2658,139.003
Japan,35.5491,139.153
Japan,35.2991,139.528
Japan,35.4824,139.403
United States,36.764446,-119.43472
United States,36.20175,-115.02281
United States,36.07801,-96.974495
United States,36.337986,-94.25784
United States,36.81,-94.35
United States,36.337154,-93.54196
United States,36.65477,-93.0359
United States,36.31359,-93.092834
United States,36.58,-93.82
United States,36.01224,-93.72307
United States,36.69,-92.89
United States,36.262962,-92.67992
United States,36.9,-92.1
United States,36.286224,-92.33984
United States,36.09461,-91.911
United States,36.04305,-91.114975
United States,36.688408,-91.40229
United States,36.383114,-91.81891
United States,36.342064,-91.028076
United States,36.7,-91.69
United States,36.7744,-91.88732
United States,36.15391,-91.481514
United States,36.56,-91.89
United States,36.715103,-90.403175
United States,36.37636,-90.42147
United States,36.89,-90.28
United States,36.27051,-90.089775
United States,36.119053,-90.56226
United States,36.659252,-90.8664
United States,36.04,-90.11
United States,36.49,-90.08
United States,36.55,-90.04
United States,36.594734,-89.655525
United States,36.64,-89.29
United States,36.826557,-89.29495
United States,36.553326,-89.18531
United States,36.214554,-89.78335
United States,36.77,-89.53
United States,36.855618,-89.94635
United States,36.72327,-88.649826
United States,36.853874,-88.97749
United States,36.678158,-88.97553
United States,36.880684,-88.33522
US,36.30194,-88.32666
United States,36.327335,-88.298904
United States,36.89505,-87.49187
United States,36.49548,-87.38154
United States,36.499702,-87.83798
United States,36.26673,-87.07984
United States,36.805603,-87.87504
United States,36.153652,-87.36151
United States,36.751656,-86.19043
United States,36.991734,-86.42386
United States,36.1689,-86.78464
United States,36.46761,-86.45638
United States,36.739567,-86.58194
United States,36.157814,-86.29866
United States,36.781574,-85.389015
United States,36.960438,-85.9276
United States,36.554417,-85.54328
United States,36.13109,-84.64166
United States,36.384007,-84.92765
United States,36.43329,-84.51393
United States,36.11283,-84.19707
United States,36.40556,-84.14632
United States,36.735535,-83.672646
United States,36.70707,-83.129
United States,36.277122,-83.51092
United States,36.050117,-83.44721
United States,36.889835,-83.85178
United States,36.514954,-82.299835
United States,36.974564,-82.62167
United States,36.29591,-82.128914
United States,36.718624,-82.601456
United States,36.013504,-82.164024
United States,36.937885,-82.09539
United States,36.10307,-82.42788
United States,36.43591,-82.94866
United States,36.233547,-81.69697
United States,36.921074,-81.085045
United States,36.72422,-81.961174
United States,36.84495,-81.53354
United States,36.65252,-81.2285
United States,36.07868,-81.923096
United States,36.158264,-80.66519
United States,36.93601,-80.36317
United States,36.415405,-80.686905
United States,36.409126,-80.22963
United States,36.681767,-80.28509
United States,36.1301,-80.25688
United States,36.73472,-80.73432
United States,36.059177,-79.11811
United States,36.395775,-79.33498
United States,36.043667,-79.39844
United States,36.99322,-79.88081
United States,36.820156,-79.39733
United States,36.07865,-79.788574
United States,36.670868,-79.88446
United States,36.68362,-78.36511
United States,36.03773,-78.874855
United States,36.947002,-78.241394
United States,36.304615,-78.65647
,36.099735,-78.812614
United States,36.07854,-78.2844
United States,36.766678,-78.93831
United States,36.39766,-78.097305
United States,36.392006,-78.97673
United States,36.364666,-78.40517
United States,36.723557,-77.10658
United States,36.256367,-77.65629
United States,36.674526,-77.562485
United States,36.41949,-77.39757
United States,36.926373,-77.25877
United States,36.764458,-77.85865
United States,36.357723,-76.98355
United States,36.13058,-76.60221
United States,36.181164,-76.41397
United States,36.05908,-76.96303
United States,36.770134,-76.01474
United States,36.703293,-76.638145
United States,36.907043,-76.71121
United States,36.67881,-76.30877
ES,36.0,-3.0
South Korea,36.111,127.541
South Korea,36.0,127.0
South Korea,36.0,127.0
South Korea,36.285,127.133
South Korea,36.0,127.0
South Korea,36.111,127.541
South Korea,36.285,127.133
South Korea,36.0,128.0
South Korea,36.0,128.0
South Korea,36.0,128.0
South Korea,36.0,129.0
South Korea,36.0,129.0
South Korea,36.0,129.0
South Korea,36.0,129.0
South Korea,36.0,129.0
Japan,36.3127,138.877
Japan,36.3119,138.982
Japan,36.5428,138.581
Japan,36.2206,138.984
Japan,36.5372,138.548
Japan,36.5369,138.548
Japan,36.4811,139.058
Japan,36.4578,139.261
USA,37.87361,-122.45556
United States,37.436565,-122.35647
United States,37.79325,-122.55479
United States,37.87,-122.27
United States,37.93335,-121.9487
United States of America,37.135,-113.522
United States,37.278484,-113.51674
USA,37.2822,-98.5801
USA,37.2876,-98.0227
United States,37.224396,-98.684494
United States,37.1977,-98.078
United States,37.15466,-96.24539
USA,37.0219,-96.1731
United States,37.878124,-96.22805
USA,37.0862,-96.0469
USA,37.0808,-96.0685
USA,37.2405,-96.9868
USA,37.4692,-96.2432
USA,37.7281,-95.4628
United States,37.189342,-95.74175
United States,37.191475,-95.29761
United States,37.558945,-95.74166
USA,37.0372,-95.0908
USA,37.4592,-95.3511
USA,37.7486,-95.2702
USA,37.4474,-95.7082
USA,37.0372,-95.0908
United States,37.88843,-95.30002
USA,37.3579,-95.2048
USA,37.557,-95.2432
United States,37.51,-94.53
USA,37.36,-94.8292
USA,37.5284,-94.6211
USA,37.4547,-94.7047
USA,37.8469,-94.9296
USA,37.4547,-94.7047
United States,37.17,-94.6
USA,37.5,-94.18
USA,37.0238,-94.7711
USA,37.0238,-94.8071
United States,37.83,-94.3
United States,37.501404,-94.34358
USA,37.0238,-94.816
United States,37.16942,-94.84551
United States,37.201946,-94.33556
United States,37.85039,-94.34213
USA,37.1697,-94.651
United States,37.507736,-94.85112
United States,37.85609,-94.85061
United States,37.18,-93.06
United States,37.06,-93.2
United States,37.14,-93.24
United States,37.73,-92.85
United States,37.95,-91.17
United States,37.609432,-91.49833
United States,37.57,-91.52
United States,37.15971,-91.403275
United States,37.546104,-90.75682
United States,37.480515,-90.34316
United States,37.55,-90.85
United States,37.65,-90.69
United States,37.320766,-90.02789
United States,37.81,-90.25
United States,37.357727,-90.97121
United States,37.89,-90.32
United States,37.31,-89.53
United States,37.18,-89.46
United States,37.064217,-89.002235
United States,37.709087,-89.82911
United States,37.78752,-89.38149
United States,37.31,-89.53
United States,37.383343,-89.684395
United States,37.05353,-89.57224
United States,37.22782,-89.13118
United States,37.31,-89.53
United States,37.468895,-89.25607
United States,37.31,-89.53
United States,37.194332,-89.339806
,37.37676,-88.92993
United States,37.753784,-88.54079
United States,37.9921,-88.9234
United States,37.05623,-88.716995
United States,37.219315,-88.7096
United States,37.730328,-88.92954
United States,37.459435,-88.87418
United States,37.521572,-88.26598
United States,37.758034,-88.229385
United States,37.41135,-88.57321
United States of America,37.07147,-88.68096
United States,37.01544,-88.078865
United States,37.213352,-87.14642
United States,37.731834,-87.08754
United States,37.307396,-87.53836
United States,37.213036,-86.24562
United States,37.77264,-86.431145
United States,37.459656,-86.34591
United States,37.979294,-86.21821
United States,37.473125,-86.84467
United States,37.105343,-85.28162
United States,37.696423,-85.96342
United States,37.80494,-85.466194
United States,37.293148,-85.88788
United States,37.970554,-85.69511
United States,37.321964,-84.928116
United States,37.645027,-84.53512
United States,37.618893,-84.866035
United States,37.362053,-84.31555
United States,37.97075,-84.14603
United States,37.871788,-84.58234
United States,37.723106,-84.277115
United States,37.102592,-84.576485
United States,37.41677,-84.00825
United States,37.9476,-83.60427
United States,37.830273,-83.826035
United States,37.24494,-83.22511
United States,37.74168,-83.490425
United States,37.26662,-82.03552
United States,37.11741,-82.85462
United States,37.84427,-82.82957
United States,37.555668,-82.7483
United States,37.116634,-82.35126
United States,37.12551,-81.56305
United States,37.405804,-81.11356
United States,37.775948,-81.25566
United States,37.609825,-81.5412
United States,37.13221,-81.126686
United States,37.48696,-80.215805
United States,37.26855,-80.07945
United States,37.171177,-80.39441
United States,37.656685,-80.85702
United States,37.319107,-80.69785
United States,37.063187,-80.71385
United States,37.551712,-79.80451
United States,37.21171,-79.09126
United States,37.814644,-79.4462
United States,37.311687,-79.528786
United States,37.611244,-79.14239
United States,37.14141,-78.054665
United States,37.21831,-78.44307
United States,37.36993,-78.81003
United States,37.56855,-78.525375
United States,37.51467,-78.23948
United States,37.00809,-78.661934
United States,37.844376,-78.27891
United States,37.792027,-78.88435
United States,37.76026,-77.491264
United States,37.703022,-77.09669
United States,37.337387,-77.977325
United States,37.186768,-77.221214
United States,37.54606,-77.91636
,37.6372,-77.46786
United States,37.351612,-77.06138
United States,37.07643,-77.63007
United States,37.5508,-77.40417
United States,37.987057,-77.95703
United States,37.378204,-77.58842
United States,37.717587,-77.9259
United States,37.311646,-76.77074
United States,37.119823,-76.89053
United States,37.05515,-76.29191
United States,37.96944,-76.54139
United States,37.938522,-76.724396
United States,37.707718,-76.41088
United States,37.61087,-76.50699
United States,37.944416,-76.95143
United States,37.41866,-76.27923
United States,37.223614,-76.43921
United States,37.720303,-76.90179
United States,37.857956,-76.37908
United States,37.07585,-76.51416
United States,37.40321,-76.52284
United States,37.506203,-76.99779
United States,37.301003,-75.92573
United States,37.76228,-75.764
PRT,37.8,-25.4
ES,37.066032,-6.581833
ES,37.84,-4.82
ES,37.48,-4.7
ES,37.84,-4.82
ES,37.84,-4.93
ESP,37.398994,-1.7500439
ESP,37.1,-1.1
ESP,37.398968,-1.7501346
ESP,37.1,-1.1
ESP,37.1,-1.1
ES,37.45,-1.77
South Korea,37.012,126.232
South Korea,37.012,126.232
South Korea,37.012,126.232
South Korea,37.012,126.233
South Korea,37.012,126.233
South Korea,37.012,126.232
South Korea,37.0,127.0
Japan,37.8167,140.983
Japan,37.8,140.983
Japan,37.8,140.983
Japan,37.8,140.983
Japan,37.0,140.0
United States,38.0353,-122.74346
United States,38.502834,-122.32315
United States,38.51247,-122.928696
United States,38.7012,-121.882614
USA,38.0,-122.0
USA,38.0,-122.0
United States,38.049847,-116.45109
United States,38.461624,-96.15018
USA,38.0236,-95.1386
USA,38.6428,-95.3858
United States,38.884403,-95.286934
USA,38.7967,-95.1675
USA,38.95,-95.2699
United States,38.56725,-95.28781
USA,38.1042,-95.025
USA,38.95,-95.2699
USA,38.916,-95.1976
USA,38.3225,-95.2418
USA,38.5925,-95.2857
USA,38.0056,-95.5557
USA,38.1219,-94.75
USA,38.3999,-94.7649
United States,38.09,-94.34
United States,38.207123,-94.84087
USA,38.5613,-92.1988
United States,38.93,-92.35
United States,38.987232,-92.30816
United States,38.442272,-91.50645
USA,38.7077,-91.4325
United States,38.31,-91.06
United States,38.40767,-91.07613
United States,38.78,-91.28
United States,38.6388,-90.442764
United States,38.95,-90.18
United States,38.38,-90.4
United States,38.276764,-90.1782
United States,38.778744,-90.67492
United States,38.87,-90.21
United States,38.61,-90.71
United States,38.61,-90.3
United States,38.68,-90.52
United States,38.61,-90.3
United States,38.04918,-89.8213
United States,38.085106,-89.36835
United States,38.607487,-89.42397
United States,38.350857,-89.41714
United States,38.4708,-89.931435
United States,38.08135,-88.54085
United States,38.08745,-88.1783
United States,38.41682,-88.057655
United States,38.71339,-88.08519
United States,38.64915,-88.91935
United States,38.43167,-88.42348
United States,38.30073,-88.92351
United States,38.719585,-87.730705
United States,38.023,-87.58353
United States,38.44393,-87.84039
United States,38.397614,-87.23329
United States,38.01058,-87.01086
United States,38.024094,-87.86129
United States,38.535137,-86.49533
United States,38.081512,-86.64369
United States,38.907417,-86.04293
United States,38.84043,-86.48515
United States,38.19948,-86.11572
United States,38.285114,-86.4562
United States,38.59928,-86.10559
United States,38.78552,-85.43742
United States,38.18795,-85.66157
,38.424366,-85.71216
United States,38.477432,-85.716446
United States,38.31933,-85.90309
United States,38.397015,-85.44396
United States,38.02959,-85.3231
United States,38.456093,-85.12301
United States,38.59756,-85.338936
United States,38.8244,-85.02733
United States,38.945473,-84.3794
United States,38.042747,-84.45946
United States,38.23527,-84.87862
United States,38.693176,-84.0827
United States,38.039185,-84.740814
United States,38.757004,-84.86206
United States,38.932972,-84.53613
United States,38.69338,-84.35642
United States,38.00423,-84.98752
United States,38.63938,-84.61303
United States,38.93281,-83.86715
United States,38.19367,-83.41968
United States,38.843296,-83.47777
United States,38.140255,-83.74085
United States,38.326313,-83.05139
United States,38.595806,-83.82623
United States,38.029675,-83.90611
United States,38.530838,-83.385155
United States,38.825386,-82.32002
United States,38.14996,-82.433105
United States,38.542263,-82.920586
United States,38.418434,-82.2417
United States,38.594017,-82.536255
United States,38.80623,-82.98739
United States,38.83321,-81.6723
United States,38.71548,-81.35836
United States,38.02088,-81.71984
United States,38.342354,-81.52571
United States,38.031136,-81.087166
United States,38.322018,-80.00787
United States,38.494637,-80.434784
United States,38.70328,-80.73128
United States,38.058846,-79.736145
United States,38.171555,-79.133095
United States,38.350323,-79.5563
United States,38.297913,-78.4708
United States,38.51531,-78.87634
United States,38.240196,-78.01178
United States,38.34194,-78.02917
United States,38.908123,-78.20697
United States,38.61365,-78.481544
United States,38.409176,-78.28129
United States,38.025948,-78.55623
United States,38.861885,-78.56809
United States,38.687336,-78.1686
United States,38.70405,-77.47778
United States,38.84,-77.045
United States,38.895,-77.03667
United States,38.740658,-77.80854
United States,38.97556,-77.21333
United States,38.84,-77.045
United States,38.93,-77.11444
United States,38.878727,-77.101906
United States,38.81194,-77.63667
United States,38.86639,-77.70639
United States,38.96944,-77.17667
United States,38.96944,-77.17667
United States,38.97556,-77.21333
United States,38.025806,-77.34845
United States,38.88222,-77.0575
United States,38.88583,-77.09722
United States,38.26454,-77.154816
United States,38.179794,-77.65052
United States,38.48607,-77.95695
United States,38.89944,-77.0575
United States,38.90505,-77.01617
United States,38.71889,-77.11028
United States,38.96944,-77.17667
United States,38.96944,-77.17667
United States,38.965,-77.04778
United States,38.82361,-77.71333
United States,38.413097,-77.45283
US,38.86416,-77.92222
United States,38.67778,-77.2025
United States,38.92528,-77.05278
United States,38.96944,-77.17667
United States,38.833866,-77.2764
United States,38.96944,-77.17667
United States,38.82361,-77.71333
United States,38.89667,-77.07278
United States,38.113533,-76.80386
United States,38.93917,-76.93417
United States,38.61583,-76.61333
United States,38.16889,-76.54528
,38.452225,-76.45984
United States,38.93917,-76.93417
United States,38.93861,-76.97056
United States,38.90583,-76.94056
United States,38.0375,-76.32222
United States,38.91028,-76.96639
United States,38.96694,-76.86222
US,38.0375,-76.32194
United States,38.91028,-76.96639
United States,38.86528,-76.98667
United States,38.20417,-76.43611
,38.966404,-76.50316
United States,38.11139,-76.99889
ESP,38.8,-7.00001
ESP,38.8,-7.00001
ESP,38.8,-7.00001
ESP,38.879726,-6.860495
ESP,38.1,-3.1
ES,38.3,-1.97
ES,38.48,-1.96
ESP,38.1,-1.1
ESP,38.1,-1.1
ES,38.2,-0.83
ES,38.35,-0.56
ES,38.28,-0.6
ESP,38.35,-0.48
ES,38.0,0.0
United States,39.662376,-121.59606
United States,39.29294,-96.72732
USA,39.1814,-96.5925
USA,39.5436,-95.1147
United States,39.530582,-95.31426
United States,39.202415,-95.038055
USA,39.5597,-95.1276
USA,39.3297,-94.91
USA,39.3421,-94.9111
USA,39.1567,-94.7761
United States,39.010063,-94.34381
USA,39.3653,-94.9303
United States,39.782948,-93.54668
United States,39.42791,-93.50107
United States,39.340855,-91.17122
United States,39.07,-91.64
United States,39.985905,-91.19461
United States,39.81331,-91.62416
United States,39.976727,-90.24683
United States,39.001152,-89.01781
United States,39.766113,-88.22282
United States,39.86,-88.961296
United States,39.06448,-88.58834
United States,39.27376,-88.239685
United States,39.638344,-88.61679
United States,39.5126,-88.22059
United States,39.089386,-87.41412
United States,39.002697,-87.75956
United States,39.4288,-87.39027
United States,39.16085,-86.52328
United States,39.19567,-86.22853
United States,39.48185,-86.44729
United States,39.101887,-85.26026
United States,39.304382,-85.50205
US,39.82888,-84.89027
United States,39.7521,-84.29023
United States,39.052322,-84.15045
United States,39.19645,-84.54153
United States,39.4384,-84.5774
United States,39.42984,-84.167336
United States,39.56472,-83.45083
United States,39.411263,-83.80788
United States,39.08366,-83.07202
United States,39.328617,-83.059875
United States,39.917,-83.78372
United States,39.694614,-83.88649
United States,39.9697,-83.009796
United States,39.18403,-83.60409
United States,39.63956,-83.03229
United States,39.735104,-82.23608
United States,39.333813,-82.0461
United States,39.745644,-82.62805
United States,39.49658,-82.475784
United States,39.250217,-82.48564
United States,39.075825,-82.019035
United States,39.020615,-82.621666
United States,39.212524,-81.51413
United States,39.729248,-81.07982
United States,39.965645,-81.9469
United States,39.019028,-81.38473
United States,39.460342,-81.49418
United States,39.612957,-81.8508
United States,39.17848,-81.06612
United States,39.76692,-81.45328
United States,39.465446,-80.879425
United States,39.87241,-80.671745
United States,39.62561,-80.0513
United States,39.286674,-80.38329
United States,39.61027,-80.64086
United States,39.340218,-80.04797
United States,39.101933,-79.19675
United States,39.921104,-79.64909
United States,39.205593,-78.26295
United States,39.467094,-78.02572
United States,39.31373,-78.613304
United States,39.561867,-78.26077
United States,39.005337,-78.86335
United States,39.920383,-78.109
United States,39.415226,-78.94163
United States,39.869595,-77.21766
United States,39.59333,-77.11639
United States,39.116394,-77.99698
United States,39.01167,-77.02889
United States,39.927135,-77.7238
United States,39.09318,-77.63663
United States,39.00667,-76.93361
United States,39.07,-77.0
United States,39.09917,-76.84861
United States,39.922,-76.72705
United States,39.967136,-75.75193
United States,39.917,-75.3993
United States,39.329754,-75.132996
United States,39.87573,-74.669235
United States,39.077465,-74.85861
United States,39.872246,-74.25049
ESP,39.00001,-5.5
ESPAÑA,39.85714,-0.48673633
ESPAÑA,39.85714,-0.48673633
ESPAÑA,39.85714,-0.48673633
ESP,39.1,-0.1
ESPAÑA,39.85714,-0.48673633
ESPAÑA,39.85714,-0.48673633
ESPAÑA,39.85455,-0.36995378
ESPAÑA,39.85714,-0.48673633
ES,39.86,-0.49
ES,39.45,-0.44
KP,39.066666,125.833336
USA,40.0,-122.0
USA,40.0,-122.0
USA,40.0,-122.0
United States,40.634415,-119.68465
United States,40.67071,-111.92549
United States,40.117393,-111.66971
United States,40.36036,-94.88303
United States,40.455746,-90.67758
United States,40.790222,-89.759056
United States,40.14036,-88.196175
United States,40.007294,-88.59294
United States,40.888096,-88.55674
United States,40.38795,-86.89367
United States,40.561253,-84.22385
United States,40.05352,-84.228386
United States,40.66068,-83.66369
United States,40.387096,-83.77036
United States,40.141415,-83.768166
United States,40.3051,-83.37452
United States,40.0909,-82.481735
United States,40.398537,-82.42197
United States,40.843014,-82.27214
United States,40.77535,-82.536026
United States,40.849354,-82.92369
United States,40.81405,-81.365776
United States,40.29284,-81.09257
United States,40.44631,-81.47395
United States,40.829617,-81.889984
United States,40.049355,-81.49598
United States,40.561115,-81.92913
United States,40.52103,-80.580986
United States,40.2697,-80.58436
United States,40.685764,-80.3523
United States,40.096745,-80.61731
United States,40.76911,-80.776726
United States,40.01755,-80.98742
United States,40.38273,-80.76169
United States,40.309277,-79.46544
United States,40.46895,-79.98119
United States,40.470516,-78.35084
United States,40.01043,-78.489624
United States,40.96187,-77.06466
,40.016823,-77.55399
United States,40.530678,-77.401665
United States,40.16985,-77.26505
United States,40.608715,-77.61784
United States,40.770943,-77.07605
United States,40.397774,-77.26643
United States,40.414326,-77.97803
United States,40.367233,-76.457436
United States,40.70463,-76.2143
United States,40.042,-76.25002
United States,40.41317,-76.78681
United States,40.922707,-75.70212
United States,40.415565,-75.927704
United States,40.006817,-75.13468
United States,40.20937,-75.37045
United States,40.33791,-75.10507
United States,40.61447,-75.58996
United States,40.75269,-75.307556
US,40.01166,-75.015
United States,40.7873,-74.246315
United States,40.57035,-74.91711
US,40.47555,-74.42055
United States,40.958706,-74.07436
US,40.75888,-74.08805
United States,40.43865,-74.40923
United States,40.855293,-74.99362
US,40.467,-74.551
United States,40.73235,-74.07539
United States,40.5639,-74.61479
United States,40.287807,-74.15435
USA,40.6004,-74.53194
,40.558643,-74.25427
United States,40.56218,-74.1404
US,40.818,-74.334
United States,40.8652,-74.546875
United States,40.28192,-74.6992
United States,40.659733,-74.30802
US,40.66777,-73.05472
US,40.63222,-73.93805
United States,40.73279,-73.5884
US,40.65555,-73.11388
United States,40.84895,-73.85262
United States,40.6564,-73.83952
United States,40.774364,-73.97214
United States,40.63575,-73.95061
United States of America,40.759,-73.83
US,40.66527,-73.06861
United States,40.940536,-72.67905
ESP,40.00001,-6.2
ESP,40.1,-3.1
ESPAÑA,40.394535,0.34904867
ESP,40.1,0.1
ES,40.44,0.4
United States,41.2995,-96.14738
United States,41.935616,-88.43238
United States,41.85171,-88.08593
United States,41.58779,-88.43071
United States,41.288933,-88.427505
United States,41.8981,-87.65018
United States,41.43924,-87.9824
United States,41.942844,-86.59226
United States,41.593456,-83.056786
United States,41.126892,-83.12555
United States,41.678165,-83.497154
United States,41.915104,-83.499535
United States,41.361008,-83.62238
Canada,41.967,-82.517
United States,41.150166,-82.601845
United States,41.4662,-82.1542
United States,41.51273,-82.614105
United States,41.117832,-81.901405
United States,41.535934,-81.6597
,41.123333,-81.5205
,41.06042,-81.355064
United States,41.498753,-81.17254
USA,41.5446,-81.4729
United States,41.171,-81.1976
United States,41.8161,-81.24114
United States,41.12965,-81.53234
United States,41.89007,-80.75593
United States,41.31526,-80.755135
United States,41.017147,-80.7726
United States,41.05114,-76.4029
US,41.02194,-75.0975
US,41.32722,-75.905
United States,41.1765,-75.991035
United States,41.056915,-75.336174
United States,41.32964,-75.03371
United States,41.4404,-75.610115
United States,41.0319,-74.299706
United States,41.14184,-74.69079
United States,41.888943,-74.25764
United States,41.14975,-74.026695
United States,41.40211,-74.30635
United States,41.431416,-73.74635
US,41.54444,-73.20888
US,41.26583,-73.30138
United States,41.794785,-73.244576
US,41.1175,-73.40777
USA,41.1185,-73.4227
United States,41.2255,-73.371025
US,41.65333,-73.31888
US,41.06583,-73.39222
USA,41.6523,-73.3145
United States of America,41.047,-73.778
USA,41.2097,-73.1303
US,41.16694,-73.20472
USA,41.1932,-73.196
US,41.14138,-73.35777
United States,41.1536,-73.75399
US,41.15861,-73.22527
US,41.17583,-73.2725
United States of America,41.4,-74.0
USA,41.1185,-73.4227
USA,41.1932,-73.196
USA,41.2826,-73.0272
US,41.27916,-72.33
United States,41.34897,-72.900345
USA,41.3114,-72.9247
USA,41.406,-72.4831
US,41.80833,-72.24944
United States,41.8071,-72.734985
US,41.87138,-72.36861
US,41.2875,-72.49222
USA,41.7012,-72.6704
USA,41.3114,-72.9247
US,41.29638,-72.84666
US,41.325,-72.02861
US,41.1559,-72.23897
USA,41.3114,-72.9247
USA,41.7661,-72.6833
US,41.41916,-72.26083
USA,41.7012,-72.6704
USA,41.7012,-72.6704
USA,41.3114,-72.9247
US,41.71055,-72.20861
US,41.76416,-72.43805
USA,41.3348,-72.7005
USA,41.7012,-72.6704
US,41.905,-72.70194
USA,41.3113,-72.9246
United States,41.4673,-72.10434
US,41.98166,-72.65055
USA,41.7012,-72.6704
USA,41.3348,-72.7005
US,41.30527,-72.25888
US,41.29583,-72.46472
US,41.4388,-72.43145
US,41.325,-72.02861
USA,41.3114,-72.9247
US,41.59916,-72.59111
United States of America,41.27482,-72.48342
USA,41.3792,-72.5783
US,41.33921,-72.96686
US,41.34583,-72.02972
USA,41.5475,-72.6548
United States,41.43512,-72.523895
US,41.29555,-72.86305
US,41.34583,-72.02972
US,41.43861,-72.44472
US,41.88527,-72.26138
US,41.33972,-71.8775
US,41.19166,-71.575
United States,41.704548,-71.2838
United States,41.7533,-71.0909
US,41.82277,-71.41861
United States,41.8718,-71.5798
United States,41.388145,-71.62152
USA,41.3775,-71.9014
US,41.33333,-71.97666
United States,41.511066,-71.26239
US,41.36388,-71.97111
United States,41.990715,-70.73738
US,41.71603,-70.6541
United States,41.374477,-70.70302
US,41.28333,-70.08333
United States,41.71987,-70.25084
United States,41.252983,-70.12666
ESP,41.1,-6.1
ESP,41.1,-5.1
ES,41.0,-4.0
ES,41.0,-4.0
ESP,41.1,-3.1
ES,41.0,-4.0
ESP,41.1,-0.9
ESP,41.1,-0.9
ES,41.25,0.49
ES,41.16,0.49
ES,41.45,1.8
ES,41.54,1.8
ESP,41.1,1.1
ES,41.45,1.92
ESP,41.1,1.1
ESP,41.1,2.1
ES,41.54,2.28
ES,41.99,2.15
ES,41.91,2.63
ES,41.9,2.27
ESP,41.1,2.1
ES,41.36,2.16
ES,41.36,2.16
ESP,41.1,2.1
United States,42.06054,-89.92361
United States,42.43335,-87.776596
United States,42.270782,-86.308525
United States,42.244884,-85.52987
United States,42.25325,-83.84157
United States,42.2846,-83.26028
United States,42.66806,-82.91016
United States,42.10335,-80.10415
United States,42.140926,-76.75999
United States,42.911774,-75.6682
United States,42.602898,-73.97174
US,42.0342,-72.3557
United States,42.3393,-72.66419
US,42.6,-72.7
United States,42.13565,-72.6341
US,42.56608,-71.4216
United States,42.485493,-71.3853
United States,42.986122,-71.086975
ES,42.36,-7.79
ES,42.71,-4.22
ES,42.69,-2.95
ES,42.99,-2.5
ESP,42.1,-2.1
ESP,42.1,-2.1
ESP,42.1,-1.1
ES,42.44,-1.78
ES,42.66545,-1.47598
ESP,42.1,1.1
ESP,42.1,2.1
ESP,42.1,2.1
ESP,42.1,2.1
ESP,42.1,2.1
ES,42.54,3.0
United States,43.03285,-85.54718
United States,43.2927,-71.032845
US,43.08296,-70.7051
United States,43.80825,-70.331345
ES,43.53,-6.55
ES,43.53,-6.55
ES,43.5,-6.64
ES,43.4,-5.96
ES,43.35,-5.88
ES,43.0,-5.0
ESP,43.1,-3.1
ESP,43.1,-3.1
ES,43.26,-3.12
ESP,43.1,-3.1
ES,43.26,-3.12
ESP,43.1,-3.1
ES,43.35,-3.37
ESP,43.1,-3.1
ESP,43.1,-3.1
ES,43.44,-3.74
ESP,43.1,-2.1
ESP,43.1,-2.1
ESP,43.1,-2.1
ESP,43.1,-2.1
ESP,43.1,-2.1
ES,43.17,-2.26
ES,43.26,-2.5
ESP,43.1,-2.1
ESP,43.1,-2.1
ESP,43.1,-2.1
ES,43.17,-2.38
ESP,43.1,-2.1
ES,43.17,-2.38
ESP,43.1,-2.1
ES,43.0,-3.0
ESP,43.1,-2.1
ES,43.26,-2.26
ESP,43.1,-2.1
ESP,43.1,-2.1
ESP,43.1,-2.1
ESP,43.1,-2.1
ESP,43.1,-2.1
ESP,43.1,-2.1
ESP,43.1,-2.1
ES,43.0,-3.0
ESP,43.1,-2.1
ES,43.34,-1.88
ESP,43.1,-1.1
ESP,43.1,-1.1
ES,43.34,-1.76
ES,43.132023,-1.7041816
ESP,43.1,-1.1
ESP,43.1,-1.1
ESP,43.1,-1.1
ES,43.34,-1.76
ES,43.34,-1.88
ES,43.34,-1.76
ES,43.34,-1.76
ES,43.34,-1.88
ES,43.34,-1.76
USA,44.058334,-123.095
United States,44.032257,-69.03465
USA,46.416668,-117.18667
USA,46.416668,-117.18667
USA,46.423332,-117.16333
USA,46.423332,-117.16333
USA,46.421665,-117.168335
USA,46.421665,-117.168335
USA,46.42314,-117.16623
USA,46.42314,-117.16623
FR,46.64139,-1.38186
FR,46.9487,3.1392
United States,47.61,-122.33
FR,47.77654,-2.27805
FR,47.17565,-1.55762
FR,47.26553,-1.56525
FR,47.56802,-0.65884
FR,47.4174,0.60252
FR,47.3918,0.773906
FR,47.4212,0.752777
FR,47.4221,0.652412
FR,47.3432,0.60375
FR,47.3895,0.73415
FR,47.3895,0.73415
FR,47.4001,0.702505
FR,47.4221,0.652412
FR,47.127,0.975755
FR,47.323,0.651313
FR,47.4174,0.60252
FR,47.3829,0.635501
FR,47.323,0.651313
FR,47.3895,0.73415
FR,47.8379,2.73621
FR,47.8379,2.73621
FR,48.59641,-2.08895
FR,48.59641,-2.08895
FR,48.61835,-1.5474
FR,48.6131,-1.68283
FR,48.3822,2.79412
FR,48.5386,2.324
FR,48.1896,2.74588
FR,48.8655,2.45523
France,48.83032,6.1179
GB,49.988144,-5.2788677
GB,50.069702,-5.5640182
GB,50.069702,-5.5640182
GB,50.163692,-5.430941
GB,50.171623,-5.1513333
GB,50.15509,-5.7104187
GB,50.069702,-5.5640182
GB,50.081814,-5.145436
GB,50.257538,-5.297342
GB,50.265156,-5.0171494
GB,50.163692,-5.430941
GB,50.171623,-5.1513333
GB,50.265156,-5.0171494
GB,50.171623,-5.1513333
GB,50.163692,-5.430941
GB,50.171623,-5.1513333
GB,50.175335,-5.011484
GB,50.081814,-5.145436
GB,50.171623,-5.1513333
GB,50.257538,-5.297342
GB,50.171623,-5.1513333
GB,50.159473,-5.570697
GB,50.073906,-5.4245224
GB,50.175335,-5.011484
GB,50.175335,-5.011484
GB,50.265156,-5.0171494
GB,50.15509,-5.7104187
GB,50.175335,-5.011484
GB,50.175335,-5.011484
GB,50.171623,-5.1513333
GB,50.175335,-5.011484
GB,50.15509,-5.7104187
GB,50.069702,-5.5640182
GB,50.171623,-5.1513333
GB,50.257538,-5.297342
GB,50.35124,-5.163218
GB,50.2721,-4.7368417
GB,50.2721,-4.7368417
GB,50.463715,-4.1841645
GB,50.36517,-4.6015506
GB,50.36517,-4.6015506
GB,50.26871,-4.8770094
GB,50.463715,-4.1841645
GB,50.47088,-3.7616613
GB,50.74453,-3.4883928
GB,50.37877,-3.8989153
GB,50.65634,-3.344112
GB,50.650673,-3.7683785
GB,50.566425,-3.3415518
GB,50.747803,-3.2049642
GB,50.746254,-3.346685
GB,50.65462,-3.485549
GB,50.383022,-3.6177242
GB,50.74918,-3.0632315
GB,50.839104,-3.0652738
GB,50.926075,-3.351871
GB,50.927635,-3.2096047
GB,50.474804,-3.4799051
GB,50.832535,-3.633216
GB,50.29108,-3.7550118
GB,50.203205,-3.6116369
GB,50.468662,-3.9025145
GB,50.472927,-3.620791
GB,50.652733,-3.6269717
GB,50.38098,-3.7583282
GB,50.83772,-3.2072785
GB,50.56283,-3.6238735
GB,50.753834,-2.212665
GB,50.753834,-2.212665
GB,50.573105,-2.4943182
GB,50.84135,-2.781234
GB,50.753834,-2.212665
GB,50.66304,-2.495262
GB,50.930233,-2.9250376
GB,50.840313,-2.9232583
GB,50.751423,-2.7797363
GB,50.84135,-2.781234
GB,50.6639,-2.2122586
GB,50.933357,-2.355805
GB,50.84135,-2.781234
GB,50.573105,-2.4943182
GB,50.573105,-2.4943182
GB,50.75039,-2.9214883
GB,50.751423,-2.7797363
GB,50.75297,-2.4962103
GB,50.754005,-2.0708885
GB,50.66407,-2.070753
GB,50.932835,-2.4981217
GB,50.663555,-2.353762
GB,50.66407,-2.070753
GB,50.84377,-2.2130737
GB,50.573105,-2.4943182
GB,50.66407,-2.070753
GB,50.751423,-2.7797363
GB,50.75039,-2.9214883
GB,50.573105,-2.4943182
GB,50.751423,-2.7797363
GB,50.932835,-2.4981217
GB,50.662354,-2.6367571
GB,50.75297,-2.4962103
GB,50.754005,-2.0708885
GB,50.84135,-2.781234
GB,50.573105,-2.4943182
GB,50.75349,-2.3544395
GB,50.753834,-2.212665
GB,50.75349,-2.3544395
GB,50.751423,-1.2202638
GB,50.57413,-1.9293817
GB,50.84135,-1.218766
GB,50.66046,-1.0802728
GB,50.84135,-1.218766
GB,50.843426,-1.6448796
GB,50.751423,-1.2202638
GB,50.75349,-1.6455606
GB,50.66407,-1.9292469
GB,50.754005,-1.9291114
GB,50.66046,-1.0802728
GB,50.66149,-1.2217541
GB,50.932144,-1.3595661
GB,50.84135,-1.218766
GB,50.752285,-1.3620236
GB,50.84394,-1.9289752
GB,50.66149,-1.2217541
GB,50.66407,-1.9292469
GB,50.840313,-1.0767416
GB,50.84135,-1.218766
GB,50.754005,-1.9291114
GB,50.66407,-1.9292469
GB,50.84394,-1.9289752
GB,50.931274,-1.2172604
GB,50.66407,-1.9292469
GB,50.754005,-1.9291114
GB,50.662354,-1.363243
GB,50.754005,-1.9291114
GB,50.75297,-1.5037897
GB,50.571564,-1.2232367
GB,50.66046,-1.0802728
GB,50.932835,-1.5018781
GB,50.843426,-1.6448796
GB,50.84394,-1.9289752
GB,50.751423,-1.2202638
GB,50.754005,-1.9291114
GB,50.751423,-1.2202638
GB,50.84377,-1.7869264
GB,50.753834,-1.7873349
GB,50.83772,-0.7927215
GB,50.834435,-0.50874895
GB,50.832535,-0.366784
GB,50.83772,-0.7927215
GB,50.834435,-0.50874895
GB,50.832535,-0.366784
GB,50.9873,0.92123765
GB,50.825794,0.059008896
Ireland,51.469986,-9.396667
IE,51.556004,-9.65834
Ireland,51.592796,-9.631322
IE,51.746937,-8.362016
IE,51.927063,-7.7819223
Ireland,51.948444,-7.7134924
Ireland,51.948444,-7.7134924
GB,51.721813,-4.2442775
GB,51.715927,-4.533574
GB,51.795567,-4.9732146
GB,51.715927,-4.533574
GB,51.724487,-4.099594
GB,51.975163,-4.9850984
GB,51.721813,-4.2442775
GB,51.10414,-3.4999142
GB,51.377186,-3.221417
GB,51.468506,-3.0798671
GB,51.194042,-3.502832
GB,51.10414,-3.4999142
GB,51.4655,-3.3677528
GB,51.46709,-3.2238162
GB,51.28868,-3.0756438
GB,51.192116,-3.645898
GB,51.5632,-2.216419
GB,51.292545,-2.5020041
GB,51.313095,-2.8394432
GB,51.297302,-2.4375057
GB,51.404514,-2.5966866
GB,51.110077,-2.9286234
GB,51.110077,-2.9286234
GB,51.110077,-2.9286234
GB,51.111996,-2.6429167
GB,51.112694,-2.500053
GB,51.292545,-2.5020041
GB,51.324524,-2.3659997
GB,51.38335,-2.2155697
GB,51.503197,-2.6412022
GB,51.561604,-2.6492372
GB,51.020157,-2.926826
GB,51.404514,-2.5966866
GB,51.32209,-2.8396072
GB,51.563377,-2.07214
GB,51.297302,-2.4375057
GB,51.111122,-2.785774
GB,51.313095,-2.8394432
GB,51.290966,-2.7888398
GB,51.422348,-2.6256864
GB,51.56614,-2.6420872
GB,51.831352,-2.6531086
GB,51.470802,-2.7919376
GB,51.56614,-2.6420872
GB,51.56614,-2.6420872
GB,51.471687,-2.64796
GB,51.381767,-2.6466894
GB,51.563377,-1.9278601
GB,51.470802,-1.2080625
GB,51.023636,-1.7861029
GB,51.76992,-1.2253041
GB,51.562847,-1.6393042
GB,51.38247,-1.4970126
GB,51.650635,-1.2049326
GB,51.380886,-1.2096153
GB,51.650635,-1.2049326
GB,51.46974,-1.0640929
GB,51.559654,-1.0622483
GB,51.650635,-1.2049326
GB,51.3719,-0.3476622
GB,51.46179,-0.34441733
GB,51.10414,-0.5000857
GB,51.89081,-0.4813017
GB,51.749332,-0.036901973
GB,51.64156,-0.33787692
GB,51.459667,-0.20052691
GB,51.195793,-0.6402495
GB,51.285698,-0.63759583
GB,51.913185,-0.4732762
GB,51.80645,-0.20633224
GB,51.547245,-0.05282695
GB,51.287277,-0.7809699
GB,51.367496,-0.060462873
GB,51.3719,-0.3476622
GB,51.10589,-0.6428895
GB,51.652573,-0.17120911
GB,51.373837,-0.4912877
GB,51.10589,-0.6428895
GB,51.108856,-0.92853636
GB,51.959908,-0.2751786
GB,51.190018,-0.2110521
GB,51.556995,-0.7737722
GB,51.287277,-0.7809699
GB,51.377186,-0.7785831
GB,51.4655,-0.63224727
GB,51.558414,-0.9180047
GB,51.19737,-0.7833445
GB,51.463734,-0.4883246
GB,51.18774,-0.06802027
GB,51.468506,-0.9201329
GB,51.54955,-0.19698207
GB,51.279903,-0.2075618
GB,51.64156,-0.33787692
GB,51.3719,-0.3476622
GB,51.27762,-0.06425132
GB,51.558414,-0.9180047
GB,51.3756,-0.63492846
GB,51.108856,-0.92853636
GB,51.916595,-0.76399904
GB,51.28394,-0.49423552
GB,51.625156,-0.14341338
GB,51.72601,-0.2696157
GB,51.551674,-0.34115562
GB,51.3719,-0.3476622
GB,51.4655,-0.63224727
GB,51.950493,-0.24643306
GB,51.378593,-0.92225003
GB,51.27762,-0.06425132
GB,51.3719,-0.3476622
GB,51.643517,-0.48235214
GB,51.192116,-0.35410187
GB,51.10589,-0.6428895
GB,51.195793,-0.6402495
GB,51.369785,-0.20405345
GB,51.28201,-0.35089034
GB,51.10589,-0.6428895
GB,51.459667,-0.20052691
GB,51.19737,-0.7833445
GB,51.45737,-0.056654796
GB,51.27762,-0.06425132
GB,51.64156,-0.33787692
GB,51.553627,-0.48534614
GB,51.67668,-0.2787296
GB,51.194042,-0.49716815
GB,51.639427,-0.19341879
GB,51.108856,-0.92853636
GB,51.01894,-0.93061024
GB,51.378593,-0.92225003
GB,51.3719,-0.3476622
GB,51.909054,-0.18261707
GB,51.46709,-0.77618384
GB,51.367496,-0.060462873
GB,51.3756,-0.63492846
GB,51.194042,-0.49716815
GB,51.3719,-0.3476622
GB,51.287277,-0.7809699
GB,51.377186,-0.7785831
GB,51.3756,-0.63492846
GB,51.190018,-0.2110521
GB,51.192116,-0.35410187
GB,51.353413,0.6571666
GB,51.811665,0.24874003
GB,51.452248,0.23102868
GB,51.452248,0.23102868
GB,51.452248,0.23102868
GB,51.4549,0.08719756
GB,51.26674,0.50878125
GB,51.622894,0.6728886
GB,51.176895,0.5038991
GB,51.36239,0.22665794
GB,51.26674,0.50878125
GB,51.350067,0.8006177
GB,51.34655,0.9440405
GB,51.44942,0.37483713
GB,51.365032,0.08310807
GB,51.090015,0.3563729
GB,51.44942,0.37483713
GB,51.71896,0.38893816
GB,51.44642,0.51862144
GB,51.365032,0.08310807
GB,51.452248,0.23102868
GB,51.542103,0.2354221
GB,51.350067,0.8006177
GB,51.88537,0.97914094
GB,51.35658,0.5136886
GB,51.342854,1.0874336
GB,51.342854,1.0874336
BE,51.069,3.72
BE,51.052,3.734
BE,51.052,3.734
BE,51.052,3.734
BE,51.069,3.706
BE,51.017,4.248
Ireland,52.029472,-7.871566
Ireland,52.031376,-7.8484664
Ireland,52.346558,-7.7123895
Ireland,52.159847,-7.189374
Ireland,52.242577,-7.0125537
Ireland,52.22632,-7.4980454
Ireland,52.193336,-6.9822044
Ireland,52.426327,-6.956998
Ireland,52.255497,-6.999819
GB,52.443325,-4.1336155
GB,52.443325,-4.1336155
GB,52.263626,-4.1249757
GB,52.37264,-2.073451
GB,52.912086,-2.0743604
GB,52.102356,-2.365032
GB,52.46255,-2.0736005
GB,52.82218,-2.0742068
GB,52.55246,-2.073751
GB,52.82218,-2.0742068
GB,52.731167,-2.518367
GB,52.372456,-2.2203524
GB,52.46255,-2.0736005
GB,52.46255,-2.0736005
GB,52.01298,-2.0728607
GB,52.552277,-2.2212522
GB,52.999187,-1.1803833
GB,52.552277,-1.7787479
GB,52.91097,-1.479489
GB,52.19263,-1.7805377
GB,52.91097,-1.479489
GB,52.999187,-1.1803833
GB,52.46255,-1.9263994
GB,52.372456,-1.7796475
GB,52.282726,-1.9266976
GB,52.00109,-0.3245902
GB,52.00109,-0.3245902
GB,52.18284,-0.46405694
GB,52.09639,-0.75903547
GB,52.006493,-0.7615237
GB,52.00109,-0.3245902
GB,52.00109,-0.3245902
GB,52.09097,-0.32122493
GB,52.00487,-0.6158642
GB,52.434544,0.57461053
GB,52.173775,0.120689936
GB,52.263626,0.1249758
GB,52.25163,0.7105417
GB,52.263626,0.1249758
GB,52.434544,0.57461053
GB,52.317932,1.5952591
GB,52.150948,1.1430744
GB,52.317932,1.5952591
GB,52.142803,1.4349086
GB,52.232555,1.4418402
GB,52.40767,1.6025597
GB,52.962803,1.0527366
GB,52.492817,1.7569042
GB,52.13846,1.5807723
GB,52.317932,1.5952591
GB,52.412052,1.4558129
GB,52.232555,1.4418402
GB,53.590527,-3.0727732
GB,53.536045,-3.131758
GB,53.465714,-2.949099
GB,53.483448,-2.9796386
GB,53.45116,-2.286135
GB,53.483448,-2.9796386
GB,53.483448,-2.9796386
GB,53.465714,-2.949099
GB,53.45129,-2.2258966
GB,53.483448,-2.9796386
GB,53.45129,-2.2258966
GB,53.45129,-2.2258966
GB,53.541374,-2.0754585
GB,53.358746,-1.1735004
GB,53.358746,-1.1735004
GB,53.361015,-1.6243013
GB,54.051018,-4.673565
GB,54.323708,-4.537412
GB,54.047527,-4.8261404
GB,54.326843,-4.383782
GB,54.137306,-4.8322535
GB,54.237038,-4.3786
GB,54.144115,-4.526413
South Korea,65.0,157.0
